run_sha,run_date,module,time_s,peak_kb,ir_lines,status,seed_version
9f672dc22a95e4429e59e4aabbfe0bc7d4c98438,2026-07-03T09:08:50Z,assert_failure,0.35,107944,1104,ok,sfn 0.8.0-alpha.1+dev.9f672dc
9f672dc22a95e4429e59e4aabbfe0bc7d4c98438,2026-07-03T09:08:50Z,ast,0.25,78980,365,ok,sfn 0.8.0-alpha.1+dev.9f672dc
9f672dc22a95e4429e59e4aabbfe0bc7d4c98438,2026-07-03T09:08:50Z,backend,0.24,87244,659,ok,sfn 0.8.0-alpha.1+dev.9f672dc
9f672dc22a95e4429e59e4aabbfe0bc7d4c98438,2026-07-03T09:08:50Z,bare_assert_check,0.44,140748,2714,ok,sfn 0.8.0-alpha.1+dev.9f672dc
9f672dc22a95e4429e59e4aabbfe0bc7d4c98438,2026-07-03T09:08:50Z,build__cache,5.07,520868,2619,ok,sfn 0.8.0-alpha.1+dev.9f672dc
9f672dc22a95e4429e59e4aabbfe0bc7d4c98438,2026-07-03T09:08:50Z,build__clang_argv,0.20,70936,319,ok,sfn 0.8.0-alpha.1+dev.9f672dc
9f672dc22a95e4429e59e4aabbfe0bc7d4c98438,2026-07-03T09:08:50Z,build__determinism,3.25,445800,2663,ok,sfn 0.8.0-alpha.1+dev.9f672dc
9f672dc22a95e4429e59e4aabbfe0bc7d4c98438,2026-07-03T09:08:50Z,build__link,2.59,407888,2198,ok,sfn 0.8.0-alpha.1+dev.9f672dc
9f672dc22a95e4429e59e4aabbfe0bc7d4c98438,2026-07-03T09:08:50Z,build__paths,0.24,88376,860,ok,sfn 0.8.0-alpha.1+dev.9f672dc
9f672dc22a95e4429e59e4aabbfe0bc7d4c98438,2026-07-03T09:08:50Z,build__runtime_objs,3.87,615376,5304,ok,sfn 0.8.0-alpha.1+dev.9f672dc
9f672dc22a95e4429e59e4aabbfe0bc7d4c98438,2026-07-03T09:08:50Z,build_cache,0.75,243652,3464,ok,sfn 0.8.0-alpha.1+dev.9f672dc
9f672dc22a95e4429e59e4aabbfe0bc7d4c98438,2026-07-03T09:08:50Z,build_report,0.69,227272,3009,ok,sfn 0.8.0-alpha.1+dev.9f672dc
9f672dc22a95e4429e59e4aabbfe0bc7d4c98438,2026-07-03T09:08:50Z,build_stamp,0.36,96356,581,ok,sfn 0.8.0-alpha.1+dev.9f672dc
9f672dc22a95e4429e59e4aabbfe0bc7d4c98438,2026-07-03T09:08:50Z,capsule_artifact,0.49,185828,2892,ok,sfn 0.8.0-alpha.1+dev.9f672dc
9f672dc22a95e4429e59e4aabbfe0bc7d4c98438,2026-07-03T09:08:50Z,capsule_emit_parallel,3.25,461636,3500,ok,sfn 0.8.0-alpha.1+dev.9f672dc
9f672dc22a95e4429e59e4aabbfe0bc7d4c98438,2026-07-03T09:08:50Z,capsule_import_scan,0.72,223032,6745,ok,sfn 0.8.0-alpha.1+dev.9f672dc
9f672dc22a95e4429e59e4aabbfe0bc7d4c98438,2026-07-03T09:08:50Z,capsule_resolver,6.79,1230488,17147,ok,sfn 0.8.0-alpha.1+dev.9f672dc
9f672dc22a95e4429e59e4aabbfe0bc7d4c98438,2026-07-03T09:08:50Z,cli__commands__add,1.06,239732,2330,ok,sfn 0.8.0-alpha.1+dev.9f672dc
9f672dc22a95e4429e59e4aabbfe0bc7d4c98438,2026-07-03T09:08:50Z,cli__commands__build,5.68,653264,4782,ok,sfn 0.8.0-alpha.1+dev.9f672dc
9f672dc22a95e4429e59e4aabbfe0bc7d4c98438,2026-07-03T09:08:50Z,cli__commands__check,2.62,371040,1697,ok,sfn 0.8.0-alpha.1+dev.9f672dc
9f672dc22a95e4429e59e4aabbfe0bc7d4c98438,2026-07-03T09:08:50Z,cli__commands__cmd_shared,0.58,136564,1174,ok,sfn 0.8.0-alpha.1+dev.9f672dc
9f672dc22a95e4429e59e4aabbfe0bc7d4c98438,2026-07-03T09:08:50Z,cli__commands__config,0.76,182772,1583,ok,sfn 0.8.0-alpha.1+dev.9f672dc
9f672dc22a95e4429e59e4aabbfe0bc7d4c98438,2026-07-03T09:08:50Z,cli__commands__emit,5.07,523068,2805,ok,sfn 0.8.0-alpha.1+dev.9f672dc
9f672dc22a95e4429e59e4aabbfe0bc7d4c98438,2026-07-03T09:08:50Z,cli__commands__fmt,1.48,187180,1120,ok,sfn 0.8.0-alpha.1+dev.9f672dc
9f672dc22a95e4429e59e4aabbfe0bc7d4c98438,2026-07-03T09:08:50Z,cli__commands__guillermo,0.57,145656,748,ok,sfn 0.8.0-alpha.1+dev.9f672dc
9f672dc22a95e4429e59e4aabbfe0bc7d4c98438,2026-07-03T09:08:50Z,cli__commands__init,0.81,153264,798,ok,sfn 0.8.0-alpha.1+dev.9f672dc
9f672dc22a95e4429e59e4aabbfe0bc7d4c98438,2026-07-03T09:08:50Z,cli__commands__lock,4.11,434608,2040,ok,sfn 0.8.0-alpha.1+dev.9f672dc
9f672dc22a95e4429e59e4aabbfe0bc7d4c98438,2026-07-03T09:08:50Z,cli__commands__login,0.66,146748,1024,ok,sfn 0.8.0-alpha.1+dev.9f672dc
9f672dc22a95e4429e59e4aabbfe0bc7d4c98438,2026-07-03T09:08:50Z,cli__commands__package,1.96,507056,7654,ok,sfn 0.8.0-alpha.1+dev.9f672dc
9f672dc22a95e4429e59e4aabbfe0bc7d4c98438,2026-07-03T09:08:50Z,cli__commands__publish,1.04,231736,2503,ok,sfn 0.8.0-alpha.1+dev.9f672dc
9f672dc22a95e4429e59e4aabbfe0bc7d4c98438,2026-07-03T09:08:50Z,cli__commands__run,5.34,546024,2691,ok,sfn 0.8.0-alpha.1+dev.9f672dc
9f672dc22a95e4429e59e4aabbfe0bc7d4c98438,2026-07-03T09:08:50Z,cli__commands__test,9.77,1381420,18556,ok,sfn 0.8.0-alpha.1+dev.9f672dc
9f672dc22a95e4429e59e4aabbfe0bc7d4c98438,2026-07-03T09:08:50Z,cli__commands__version,0.54,116248,447,ok,sfn 0.8.0-alpha.1+dev.9f672dc
9f672dc22a95e4429e59e4aabbfe0bc7d4c98438,2026-07-03T09:08:50Z,cli__context,0.35,89368,523,ok,sfn 0.8.0-alpha.1+dev.9f672dc
9f672dc22a95e4429e59e4aabbfe0bc7d4c98438,2026-07-03T09:08:50Z,cli__main,4.77,601324,4036,ok,sfn 0.8.0-alpha.1+dev.9f672dc
9f672dc22a95e4429e59e4aabbfe0bc7d4c98438,2026-07-03T09:08:50Z,cli_check,5.59,574308,4100,ok,sfn 0.8.0-alpha.1+dev.9f672dc
9f672dc22a95e4429e59e4aabbfe0bc7d4c98438,2026-07-03T09:08:50Z,cli_commands_utils,0.63,233056,4204,ok,sfn 0.8.0-alpha.1+dev.9f672dc
9f672dc22a95e4429e59e4aabbfe0bc7d4c98438,2026-07-03T09:08:50Z,cli_main,6.58,739416,4365,ok,sfn 0.8.0-alpha.1+dev.9f672dc
9f672dc22a95e4429e59e4aabbfe0bc7d4c98438,2026-07-03T09:08:50Z,cli_selfhost,3.33,483024,3798,ok,sfn 0.8.0-alpha.1+dev.9f672dc
9f672dc22a95e4429e59e4aabbfe0bc7d4c98438,2026-07-03T09:08:50Z,decorator_semantics,0.20,71604,458,ok,sfn 0.8.0-alpha.1+dev.9f672dc
9f672dc22a95e4429e59e4aabbfe0bc7d4c98438,2026-07-03T09:08:50Z,diagnostics_json,1.38,210796,2125,ok,sfn 0.8.0-alpha.1+dev.9f672dc
9f672dc22a95e4429e59e4aabbfe0bc7d4c98438,2026-07-03T09:08:50Z,diagnostics_render,1.92,269500,3366,ok,sfn 0.8.0-alpha.1+dev.9f672dc
9f672dc22a95e4429e59e4aabbfe0bc7d4c98438,2026-07-03T09:08:50Z,dist_manifest,0.31,107740,1075,ok,sfn 0.8.0-alpha.1+dev.9f672dc
9f672dc22a95e4429e59e4aabbfe0bc7d4c98438,2026-07-03T09:08:50Z,effect_checker,2.09,466424,10210,ok,sfn 0.8.0-alpha.1+dev.9f672dc
9f672dc22a95e4429e59e4aabbfe0bc7d4c98438,2026-07-03T09:08:50Z,effect_gate,1.82,203220,1420,ok,sfn 0.8.0-alpha.1+dev.9f672dc
9f672dc22a95e4429e59e4aabbfe0bc7d4c98438,2026-07-03T09:08:50Z,effect_imports,0.34,103860,937,ok,sfn 0.8.0-alpha.1+dev.9f672dc
9f672dc22a95e4429e59e4aabbfe0bc7d4c98438,2026-07-03T09:08:50Z,effect_taxonomy,0.19,66672,330,ok,sfn 0.8.0-alpha.1+dev.9f672dc
9f672dc22a95e4429e59e4aabbfe0bc7d4c98438,2026-07-03T09:08:50Z,emit_helpers,3.13,424608,2826,ok,sfn 0.8.0-alpha.1+dev.9f672dc
9f672dc22a95e4429e59e4aabbfe0bc7d4c98438,2026-07-03T09:08:50Z,emit_native,2.75,586244,11345,ok,sfn 0.8.0-alpha.1+dev.9f672dc
9f672dc22a95e4429e59e4aabbfe0bc7d4c98438,2026-07-03T09:08:50Z,emit_native_desugar_try,1.20,393496,9835,ok,sfn 0.8.0-alpha.1+dev.9f672dc
9f672dc22a95e4429e59e4aabbfe0bc7d4c98438,2026-07-03T09:08:50Z,emit_native_format,1.07,366908,7735,ok,sfn 0.8.0-alpha.1+dev.9f672dc
9f672dc22a95e4429e59e4aabbfe0bc7d4c98438,2026-07-03T09:08:50Z,emit_native_layout,1.00,321968,5184,ok,sfn 0.8.0-alpha.1+dev.9f672dc
9f672dc22a95e4429e59e4aabbfe0bc7d4c98438,2026-07-03T09:08:50Z,emit_native_state,0.48,162128,2135,ok,sfn 0.8.0-alpha.1+dev.9f672dc
9f672dc22a95e4429e59e4aabbfe0bc7d4c98438,2026-07-03T09:08:50Z,emitter_sailfin,1.16,383920,8538,ok,sfn 0.8.0-alpha.1+dev.9f672dc
9f672dc22a95e4429e59e4aabbfe0bc7d4c98438,2026-07-03T09:08:50Z,emitter_sailfin_expr,0.69,223036,4502,ok,sfn 0.8.0-alpha.1+dev.9f672dc
9f672dc22a95e4429e59e4aabbfe0bc7d4c98438,2026-07-03T09:08:50Z,emitter_sailfin_utils,0.32,115880,1440,ok,sfn 0.8.0-alpha.1+dev.9f672dc
9f672dc22a95e4429e59e4aabbfe0bc7d4c98438,2026-07-03T09:08:50Z,ice,0.27,84648,574,ok,sfn 0.8.0-alpha.1+dev.9f672dc
9f672dc22a95e4429e59e4aabbfe0bc7d4c98438,2026-07-03T09:08:50Z,lexer,0.57,210568,3407,ok,sfn 0.8.0-alpha.1+dev.9f672dc
9f672dc22a95e4429e59e4aabbfe0bc7d4c98438,2026-07-03T09:08:50Z,llvm__atomics,3.99,457548,3615,ok,sfn 0.8.0-alpha.1+dev.9f672dc
9f672dc22a95e4429e59e4aabbfe0bc7d4c98438,2026-07-03T09:08:50Z,llvm__atomics_check,0.21,74804,470,ok,sfn 0.8.0-alpha.1+dev.9f672dc
9f672dc22a95e4429e59e4aabbfe0bc7d4c98438,2026-07-03T09:08:50Z,llvm__byte_load,3.58,312656,1414,ok,sfn 0.8.0-alpha.1+dev.9f672dc
9f672dc22a95e4429e59e4aabbfe0bc7d4c98438,2026-07-03T09:08:50Z,llvm__closures,1.31,282812,4291,ok,sfn 0.8.0-alpha.1+dev.9f672dc
9f672dc22a95e4429e59e4aabbfe0bc7d4c98438,2026-07-03T09:08:50Z,llvm__effects,2.12,422328,8293,ok,sfn 0.8.0-alpha.1+dev.9f672dc
9f672dc22a95e4429e59e4aabbfe0bc7d4c98438,2026-07-03T09:08:50Z,llvm__expression_lowering__arrays,2.96,589584,5152,ok,sfn 0.8.0-alpha.1+dev.9f672dc
9f672dc22a95e4429e59e4aabbfe0bc7d4c98438,2026-07-03T09:08:50Z,llvm__expression_lowering__bindings,0.56,128380,1305,ok,sfn 0.8.0-alpha.1+dev.9f672dc
9f672dc22a95e4429e59e4aabbfe0bc7d4c98438,2026-07-03T09:08:50Z,llvm__expression_lowering__native__core,10.84,1458264,17165,ok,sfn 0.8.0-alpha.1+dev.9f672dc
9f672dc22a95e4429e59e4aabbfe0bc7d4c98438,2026-07-03T09:08:50Z,llvm__expression_lowering__native__core_addressing,1.01,166200,1044,ok,sfn 0.8.0-alpha.1+dev.9f672dc
9f672dc22a95e4429e59e4aabbfe0bc7d4c98438,2026-07-03T09:08:50Z,llvm__expression_lowering__native__core_bindings,0.52,103960,774,ok,sfn 0.8.0-alpha.1+dev.9f672dc
9f672dc22a95e4429e59e4aabbfe0bc7d4c98438,2026-07-03T09:08:50Z,llvm__expression_lowering__native__core_borrow_lowering,1.17,183256,1124,ok,sfn 0.8.0-alpha.1+dev.9f672dc
9f672dc22a95e4429e59e4aabbfe0bc7d4c98438,2026-07-03T09:08:50Z,llvm__expression_lowering__native__core_call_emission,5.72,885584,9693,ok,sfn 0.8.0-alpha.1+dev.9f672dc
9f672dc22a95e4429e59e4aabbfe0bc7d4c98438,2026-07-03T09:08:50Z,llvm__expression_lowering__native__core_call_lowering,8.80,732628,6717,ok,sfn 0.8.0-alpha.1+dev.9f672dc
9f672dc22a95e4429e59e4aabbfe0bc7d4c98438,2026-07-03T09:08:50Z,llvm__expression_lowering__native__core_call_resolution,8.33,954816,15763,ok,sfn 0.8.0-alpha.1+dev.9f672dc
9f672dc22a95e4429e59e4aabbfe0bc7d4c98438,2026-07-03T09:08:50Z,llvm__expression_lowering__native__core_calls,0.56,136908,2745,ok,sfn 0.8.0-alpha.1+dev.9f672dc
9f672dc22a95e4429e59e4aabbfe0bc7d4c98438,2026-07-03T09:08:50Z,llvm__expression_lowering__native__core_helpers,0.99,165896,1338,ok,sfn 0.8.0-alpha.1+dev.9f672dc
9f672dc22a95e4429e59e4aabbfe0bc7d4c98438,2026-07-03T09:08:50Z,llvm__expression_lowering__native__core_index_lowering,5.58,473004,4064,ok,sfn 0.8.0-alpha.1+dev.9f672dc
9f672dc22a95e4429e59e4aabbfe0bc7d4c98438,2026-07-03T09:08:50Z,llvm__expression_lowering__native__core_literals_lowering,9.42,1359908,15390,ok,sfn 0.8.0-alpha.1+dev.9f672dc
9f672dc22a95e4429e59e4aabbfe0bc7d4c98438,2026-07-03T09:08:50Z,llvm__expression_lowering__native__core_match_helpers,0.48,96704,723,ok,sfn 0.8.0-alpha.1+dev.9f672dc
9f672dc22a95e4429e59e4aabbfe0bc7d4c98438,2026-07-03T09:08:50Z,llvm__expression_lowering__native__core_member_helpers,0.88,165892,1289,ok,sfn 0.8.0-alpha.1+dev.9f672dc
9f672dc22a95e4429e59e4aabbfe0bc7d4c98438,2026-07-03T09:08:50Z,llvm__expression_lowering__native__core_member_lowering,5.54,801552,10040,ok,sfn 0.8.0-alpha.1+dev.9f672dc
9f672dc22a95e4429e59e4aabbfe0bc7d4c98438,2026-07-03T09:08:50Z,llvm__expression_lowering__native__core_operands,5.29,1223856,18934,ok,sfn 0.8.0-alpha.1+dev.9f672dc
9f672dc22a95e4429e59e4aabbfe0bc7d4c98438,2026-07-03T09:08:50Z,llvm__expression_lowering__native__core_operators,1.32,281344,6279,ok,sfn 0.8.0-alpha.1+dev.9f672dc
9f672dc22a95e4429e59e4aabbfe0bc7d4c98438,2026-07-03T09:08:50Z,llvm__expression_lowering__native__core_ops_lowering,7.22,926080,10221,ok,sfn 0.8.0-alpha.1+dev.9f672dc
9f672dc22a95e4429e59e4aabbfe0bc7d4c98438,2026-07-03T09:08:50Z,llvm__expression_lowering__native__core_ownership,1.69,261236,2102,ok,sfn 0.8.0-alpha.1+dev.9f672dc
9f672dc22a95e4429e59e4aabbfe0bc7d4c98438,2026-07-03T09:08:50Z,llvm__expression_lowering__native__core_parse,1.92,449340,11991,ok,sfn 0.8.0-alpha.1+dev.9f672dc
9f672dc22a95e4429e59e4aabbfe0bc7d4c98438,2026-07-03T09:08:50Z,llvm__expression_lowering__native__core_parsing,1.90,380420,7630,ok,sfn 0.8.0-alpha.1+dev.9f672dc
9f672dc22a95e4429e59e4aabbfe0bc7d4c98438,2026-07-03T09:08:50Z,llvm__expression_lowering__native__core_scopes,1.84,306052,3157,ok,sfn 0.8.0-alpha.1+dev.9f672dc
9f672dc22a95e4429e59e4aabbfe0bc7d4c98438,2026-07-03T09:08:50Z,llvm__expression_lowering__native__core_strings,3.00,318560,2703,ok,sfn 0.8.0-alpha.1+dev.9f672dc
9f672dc22a95e4429e59e4aabbfe0bc7d4c98438,2026-07-03T09:08:50Z,llvm__expression_lowering__native__core_text,1.14,298968,5338,ok,sfn 0.8.0-alpha.1+dev.9f672dc
9f672dc22a95e4429e59e4aabbfe0bc7d4c98438,2026-07-03T09:08:50Z,llvm__expression_lowering__native__core_type_mapping,1.66,360644,6102,ok,sfn 0.8.0-alpha.1+dev.9f672dc
9f672dc22a95e4429e59e4aabbfe0bc7d4c98438,2026-07-03T09:08:50Z,llvm__expression_lowering__native__lambda_lowering,2.88,537544,9813,ok,sfn 0.8.0-alpha.1+dev.9f672dc
9f672dc22a95e4429e59e4aabbfe0bc7d4c98438,2026-07-03T09:08:50Z,llvm__expression_lowering__native__lambda_param_inference,1.00,289072,6571,ok,sfn 0.8.0-alpha.1+dev.9f672dc
9f672dc22a95e4429e59e4aabbfe0bc7d4c98438,2026-07-03T09:08:50Z,llvm__expression_lowering__native__mod,6.23,430024,1481,ok,sfn 0.8.0-alpha.1+dev.9f672dc
9f672dc22a95e4429e59e4aabbfe0bc7d4c98438,2026-07-03T09:08:50Z,llvm__expression_lowering__native__runtime_call,3.18,273392,2158,ok,sfn 0.8.0-alpha.1+dev.9f672dc
9f672dc22a95e4429e59e4aabbfe0bc7d4c98438,2026-07-03T09:08:50Z,llvm__expression_lowering__native__statement,7.19,761652,7018,ok,sfn 0.8.0-alpha.1+dev.9f672dc
9f672dc22a95e4429e59e4aabbfe0bc7d4c98438,2026-07-03T09:08:50Z,llvm__expression_lowering__native__statement_assignment,6.78,711280,6238,ok,sfn 0.8.0-alpha.1+dev.9f672dc
9f672dc22a95e4429e59e4aabbfe0bc7d4c98438,2026-07-03T09:08:50Z,llvm__expression_lowering__native__statement_parsing,0.87,198696,3062,ok,sfn 0.8.0-alpha.1+dev.9f672dc
9f672dc22a95e4429e59e4aabbfe0bc7d4c98438,2026-07-03T09:08:50Z,llvm__expression_lowering__native__statement_suspension,3.75,370496,3072,ok,sfn 0.8.0-alpha.1+dev.9f672dc
9f672dc22a95e4429e59e4aabbfe0bc7d4c98438,2026-07-03T09:08:50Z,llvm__expression_lowering__native__statement_type_mapping,1.48,302156,4337,ok,sfn 0.8.0-alpha.1+dev.9f672dc
9f672dc22a95e4429e59e4aabbfe0bc7d4c98438,2026-07-03T09:08:50Z,llvm__expression_lowering__native__temp_recovery,0.46,103844,952,ok,sfn 0.8.0-alpha.1+dev.9f672dc
9f672dc22a95e4429e59e4aabbfe0bc7d4c98438,2026-07-03T09:08:50Z,llvm__expression_lowering__splitting,0.52,124432,1867,ok,sfn 0.8.0-alpha.1+dev.9f672dc
9f672dc22a95e4429e59e4aabbfe0bc7d4c98438,2026-07-03T09:08:50Z,llvm__expressions,0.55,116648,983,ok,sfn 0.8.0-alpha.1+dev.9f672dc
9f672dc22a95e4429e59e4aabbfe0bc7d4c98438,2026-07-03T09:08:50Z,llvm__expressions_bindings,0.54,120892,1225,ok,sfn 0.8.0-alpha.1+dev.9f672dc
9f672dc22a95e4429e59e4aabbfe0bc7d4c98438,2026-07-03T09:08:50Z,llvm__expressions_helpers,0.77,169664,2107,ok,sfn 0.8.0-alpha.1+dev.9f672dc
9f672dc22a95e4429e59e4aabbfe0bc7d4c98438,2026-07-03T09:08:50Z,llvm__expressions_literals,0.59,161516,2475,ok,sfn 0.8.0-alpha.1+dev.9f672dc
9f672dc22a95e4429e59e4aabbfe0bc7d4c98438,2026-07-03T09:08:50Z,llvm__expressions_operators,0.85,178072,3325,ok,sfn 0.8.0-alpha.1+dev.9f672dc
9f672dc22a95e4429e59e4aabbfe0bc7d4c98438,2026-07-03T09:08:50Z,llvm__expressions_parsing,1.12,272588,6084,ok,sfn 0.8.0-alpha.1+dev.9f672dc
9f672dc22a95e4429e59e4aabbfe0bc7d4c98438,2026-07-03T09:08:50Z,llvm__imports,1.50,349388,5282,ok,sfn 0.8.0-alpha.1+dev.9f672dc
9f672dc22a95e4429e59e4aabbfe0bc7d4c98438,2026-07-03T09:08:50Z,llvm__lifetime,1.85,424572,5783,ok,sfn 0.8.0-alpha.1+dev.9f672dc
9f672dc22a95e4429e59e4aabbfe0bc7d4c98438,2026-07-03T09:08:50Z,llvm__lowering__abi_hash,0.29,109252,1400,ok,sfn 0.8.0-alpha.1+dev.9f672dc
9f672dc22a95e4429e59e4aabbfe0bc7d4c98438,2026-07-03T09:08:50Z,llvm__lowering__emission,4.19,639364,7137,ok,sfn 0.8.0-alpha.1+dev.9f672dc
9f672dc22a95e4429e59e4aabbfe0bc7d4c98438,2026-07-03T09:08:50Z,llvm__lowering__emission_async,3.59,504048,3463,ok,sfn 0.8.0-alpha.1+dev.9f672dc
9f672dc22a95e4429e59e4aabbfe0bc7d4c98438,2026-07-03T09:08:50Z,llvm__lowering__emission_header,0.43,99756,837,ok,sfn 0.8.0-alpha.1+dev.9f672dc
9f672dc22a95e4429e59e4aabbfe0bc7d4c98438,2026-07-03T09:08:50Z,llvm__lowering__entrypoints,5.63,684016,3919,ok,sfn 0.8.0-alpha.1+dev.9f672dc
9f672dc22a95e4429e59e4aabbfe0bc7d4c98438,2026-07-03T09:08:50Z,llvm__lowering__entrypoints_tests,5.01,559692,1981,ok,sfn 0.8.0-alpha.1+dev.9f672dc
9f672dc22a95e4429e59e4aabbfe0bc7d4c98438,2026-07-03T09:08:50Z,llvm__lowering__entrypoints_tests_writer,4.91,547364,1963,ok,sfn 0.8.0-alpha.1+dev.9f672dc
9f672dc22a95e4429e59e4aabbfe0bc7d4c98438,2026-07-03T09:08:50Z,llvm__lowering__instructions,5.02,745672,7849,ok,sfn 0.8.0-alpha.1+dev.9f672dc
9f672dc22a95e4429e59e4aabbfe0bc7d4c98438,2026-07-03T09:08:50Z,llvm__lowering__instructions_condition,3.75,350140,2105,ok,sfn 0.8.0-alpha.1+dev.9f672dc
9f672dc22a95e4429e59e4aabbfe0bc7d4c98438,2026-07-03T09:08:50Z,llvm__lowering__instructions_for,7.71,751652,4283,ok,sfn 0.8.0-alpha.1+dev.9f672dc
9f672dc22a95e4429e59e4aabbfe0bc7d4c98438,2026-07-03T09:08:50Z,llvm__lowering__instructions_for_range,7.68,821428,5748,ok,sfn 0.8.0-alpha.1+dev.9f672dc
9f672dc22a95e4429e59e4aabbfe0bc7d4c98438,2026-07-03T09:08:50Z,llvm__lowering__instructions_helpers,1.69,339020,5033,ok,sfn 0.8.0-alpha.1+dev.9f672dc
9f672dc22a95e4429e59e4aabbfe0bc7d4c98438,2026-07-03T09:08:50Z,llvm__lowering__instructions_if,5.69,738476,10128,ok,sfn 0.8.0-alpha.1+dev.9f672dc
9f672dc22a95e4429e59e4aabbfe0bc7d4c98438,2026-07-03T09:08:50Z,llvm__lowering__instructions_let,7.09,764868,7734,ok,sfn 0.8.0-alpha.1+dev.9f672dc
9f672dc22a95e4429e59e4aabbfe0bc7d4c98438,2026-07-03T09:08:50Z,llvm__lowering__instructions_loops,5.36,639580,6622,ok,sfn 0.8.0-alpha.1+dev.9f672dc
9f672dc22a95e4429e59e4aabbfe0bc7d4c98438,2026-07-03T09:08:50Z,llvm__lowering__instructions_match,8.24,898200,9202,ok,sfn 0.8.0-alpha.1+dev.9f672dc
9f672dc22a95e4429e59e4aabbfe0bc7d4c98438,2026-07-03T09:08:50Z,llvm__lowering__instructions_match_condition,6.25,572112,5322,ok,sfn 0.8.0-alpha.1+dev.9f672dc
9f672dc22a95e4429e59e4aabbfe0bc7d4c98438,2026-07-03T09:08:50Z,llvm__lowering__instructions_routine,2.92,389148,2271,ok,sfn 0.8.0-alpha.1+dev.9f672dc
9f672dc22a95e4429e59e4aabbfe0bc7d4c98438,2026-07-03T09:08:50Z,llvm__lowering__instructions_try,6.70,679868,5505,ok,sfn 0.8.0-alpha.1+dev.9f672dc
9f672dc22a95e4429e59e4aabbfe0bc7d4c98438,2026-07-03T09:08:50Z,llvm__lowering__lowering_core,7.01,1111960,12456,ok,sfn 0.8.0-alpha.1+dev.9f672dc
9f672dc22a95e4429e59e4aabbfe0bc7d4c98438,2026-07-03T09:08:50Z,llvm__lowering__lowering_helpers,4.02,702680,10847,ok,sfn 0.8.0-alpha.1+dev.9f672dc
9f672dc22a95e4429e59e4aabbfe0bc7d4c98438,2026-07-03T09:08:50Z,llvm__lowering__lowering_helpers_mangling,2.61,452344,6442,ok,sfn 0.8.0-alpha.1+dev.9f672dc
9f672dc22a95e4429e59e4aabbfe0bc7d4c98438,2026-07-03T09:08:50Z,llvm__lowering__lowering_io,0.76,163092,1875,ok,sfn 0.8.0-alpha.1+dev.9f672dc
9f672dc22a95e4429e59e4aabbfe0bc7d4c98438,2026-07-03T09:08:50Z,llvm__lowering__lowering_native_helpers,0.44,156956,2184,ok,sfn 0.8.0-alpha.1+dev.9f672dc
9f672dc22a95e4429e59e4aabbfe0bc7d4c98438,2026-07-03T09:08:50Z,llvm__lowering__lowering_phase_functions,2.72,397044,3132,ok,sfn 0.8.0-alpha.1+dev.9f672dc
9f672dc22a95e4429e59e4aabbfe0bc7d4c98438,2026-07-03T09:08:50Z,llvm__lowering__lowering_phase_imports,2.26,317880,2468,ok,sfn 0.8.0-alpha.1+dev.9f672dc
9f672dc22a95e4429e59e4aabbfe0bc7d4c98438,2026-07-03T09:08:50Z,llvm__lowering__lowering_phase_render,1.76,262676,2259,ok,sfn 0.8.0-alpha.1+dev.9f672dc
9f672dc22a95e4429e59e4aabbfe0bc7d4c98438,2026-07-03T09:08:50Z,llvm__lowering__lowering_phase_sanitize,2.96,407644,3431,ok,sfn 0.8.0-alpha.1+dev.9f672dc
9f672dc22a95e4429e59e4aabbfe0bc7d4c98438,2026-07-03T09:08:50Z,llvm__lowering__lowering_phase_types,0.98,186352,1565,ok,sfn 0.8.0-alpha.1+dev.9f672dc
9f672dc22a95e4429e59e4aabbfe0bc7d4c98438,2026-07-03T09:08:50Z,llvm__lowering__lowering_recovery,3.50,671768,15290,ok,sfn 0.8.0-alpha.1+dev.9f672dc
9f672dc22a95e4429e59e4aabbfe0bc7d4c98438,2026-07-03T09:08:50Z,llvm__lowering__lowering_text_utils,0.78,173644,2007,ok,sfn 0.8.0-alpha.1+dev.9f672dc
9f672dc22a95e4429e59e4aabbfe0bc7d4c98438,2026-07-03T09:08:50Z,llvm__lowering__module_globals,1.70,318160,4341,ok,sfn 0.8.0-alpha.1+dev.9f672dc
9f672dc22a95e4429e59e4aabbfe0bc7d4c98438,2026-07-03T09:08:50Z,llvm__lowering__phi,1.05,266272,3966,ok,sfn 0.8.0-alpha.1+dev.9f672dc
9f672dc22a95e4429e59e4aabbfe0bc7d4c98438,2026-07-03T09:08:50Z,llvm__lowering__type_descriptors,0.86,198408,2470,ok,sfn 0.8.0-alpha.1+dev.9f672dc
9f672dc22a95e4429e59e4aabbfe0bc7d4c98438,2026-07-03T09:08:50Z,llvm__lowering_debug_state,0.41,116204,1541,ok,sfn 0.8.0-alpha.1+dev.9f672dc
9f672dc22a95e4429e59e4aabbfe0bc7d4c98438,2026-07-03T09:08:50Z,llvm__mod,3.07,333808,1892,ok,sfn 0.8.0-alpha.1+dev.9f672dc
9f672dc22a95e4429e59e4aabbfe0bc7d4c98438,2026-07-03T09:08:50Z,llvm__rendering,2.28,376188,5470,ok,sfn 0.8.0-alpha.1+dev.9f672dc
9f672dc22a95e4429e59e4aabbfe0bc7d4c98438,2026-07-03T09:08:50Z,llvm__rendering_helpers,1.44,298516,4240,ok,sfn 0.8.0-alpha.1+dev.9f672dc
9f672dc22a95e4429e59e4aabbfe0bc7d4c98438,2026-07-03T09:08:50Z,llvm__runtime_helpers,4.16,1028716,19850,ok,sfn 0.8.0-alpha.1+dev.9f672dc
9f672dc22a95e4429e59e4aabbfe0bc7d4c98438,2026-07-03T09:08:50Z,llvm__strings,0.75,155288,1822,ok,sfn 0.8.0-alpha.1+dev.9f672dc
9f672dc22a95e4429e59e4aabbfe0bc7d4c98438,2026-07-03T09:08:50Z,llvm__type_context,1.62,338432,4548,ok,sfn 0.8.0-alpha.1+dev.9f672dc
9f672dc22a95e4429e59e4aabbfe0bc7d4c98438,2026-07-03T09:08:50Z,llvm__type_context_queries,1.36,268296,3171,ok,sfn 0.8.0-alpha.1+dev.9f672dc
9f672dc22a95e4429e59e4aabbfe0bc7d4c98438,2026-07-03T09:08:50Z,llvm__type_mapping,1.59,436380,9197,ok,sfn 0.8.0-alpha.1+dev.9f672dc
9f672dc22a95e4429e59e4aabbfe0bc7d4c98438,2026-07-03T09:08:50Z,llvm__types,0.57,121488,709,ok,sfn 0.8.0-alpha.1+dev.9f672dc
9f672dc22a95e4429e59e4aabbfe0bc7d4c98438,2026-07-03T09:08:50Z,llvm__utils,0.90,247744,4577,ok,sfn 0.8.0-alpha.1+dev.9f672dc
9f672dc22a95e4429e59e4aabbfe0bc7d4c98438,2026-07-03T09:08:50Z,lock,0.33,124112,1570,ok,sfn 0.8.0-alpha.1+dev.9f672dc
9f672dc22a95e4429e59e4aabbfe0bc7d4c98438,2026-07-03T09:08:50Z,main,7.73,921688,5929,ok,sfn 0.8.0-alpha.1+dev.9f672dc
9f672dc22a95e4429e59e4aabbfe0bc7d4c98438,2026-07-03T09:08:50Z,native_ir,0.26,80796,353,ok,sfn 0.8.0-alpha.1+dev.9f672dc
9f672dc22a95e4429e59e4aabbfe0bc7d4c98438,2026-07-03T09:08:50Z,native_ir_api,1.44,273864,3239,ok,sfn 0.8.0-alpha.1+dev.9f672dc
9f672dc22a95e4429e59e4aabbfe0bc7d4c98438,2026-07-03T09:08:50Z,native_ir_parser,1.51,305756,4463,ok,sfn 0.8.0-alpha.1+dev.9f672dc
9f672dc22a95e4429e59e4aabbfe0bc7d4c98438,2026-07-03T09:08:50Z,native_ir_parser_defs,1.58,375704,6200,ok,sfn 0.8.0-alpha.1+dev.9f672dc
9f672dc22a95e4429e59e4aabbfe0bc7d4c98438,2026-07-03T09:08:50Z,native_ir_parser_instructions,0.98,235444,3271,ok,sfn 0.8.0-alpha.1+dev.9f672dc
9f672dc22a95e4429e59e4aabbfe0bc7d4c98438,2026-07-03T09:08:50Z,native_ir_utils_layout,1.03,345992,7531,ok,sfn 0.8.0-alpha.1+dev.9f672dc
9f672dc22a95e4429e59e4aabbfe0bc7d4c98438,2026-07-03T09:08:50Z,native_ir_utils_parse,1.26,424212,7818,ok,sfn 0.8.0-alpha.1+dev.9f672dc
9f672dc22a95e4429e59e4aabbfe0bc7d4c98438,2026-07-03T09:08:50Z,native_ir_utils_text,0.46,169412,3181,ok,sfn 0.8.0-alpha.1+dev.9f672dc
9f672dc22a95e4429e59e4aabbfe0bc7d4c98438,2026-07-03T09:08:50Z,num_format,0.19,66636,352,ok,sfn 0.8.0-alpha.1+dev.9f672dc
9f672dc22a95e4429e59e4aabbfe0bc7d4c98438,2026-07-03T09:08:50Z,ownership_checker,2.88,577604,12089,ok,sfn 0.8.0-alpha.1+dev.9f672dc
9f672dc22a95e4429e59e4aabbfe0bc7d4c98438,2026-07-03T09:08:50Z,parser__declarations,4.41,847688,14074,ok,sfn 0.8.0-alpha.1+dev.9f672dc
9f672dc22a95e4429e59e4aabbfe0bc7d4c98438,2026-07-03T09:08:50Z,parser__expressions,4.49,843984,15108,ok,sfn 0.8.0-alpha.1+dev.9f672dc
9f672dc22a95e4429e59e4aabbfe0bc7d4c98438,2026-07-03T09:08:50Z,parser__mod,3.69,373748,3826,ok,sfn 0.8.0-alpha.1+dev.9f672dc
9f672dc22a95e4429e59e4aabbfe0bc7d4c98438,2026-07-03T09:08:50Z,parser__statements,4.11,620068,8820,ok,sfn 0.8.0-alpha.1+dev.9f672dc
9f672dc22a95e4429e59e4aabbfe0bc7d4c98438,2026-07-03T09:08:50Z,parser__token_utils,1.18,360076,10282,ok,sfn 0.8.0-alpha.1+dev.9f672dc
9f672dc22a95e4429e59e4aabbfe0bc7d4c98438,2026-07-03T09:08:50Z,parser__types,0.33,93140,448,ok,sfn 0.8.0-alpha.1+dev.9f672dc
9f672dc22a95e4429e59e4aabbfe0bc7d4c98438,2026-07-03T09:08:50Z,parser__utils,0.30,107664,1256,ok,sfn 0.8.0-alpha.1+dev.9f672dc
9f672dc22a95e4429e59e4aabbfe0bc7d4c98438,2026-07-03T09:08:50Z,prelude_globals,0.54,122160,920,ok,sfn 0.8.0-alpha.1+dev.9f672dc
9f672dc22a95e4429e59e4aabbfe0bc7d4c98438,2026-07-03T09:08:50Z,prelude_scan,0.68,133324,1210,ok,sfn 0.8.0-alpha.1+dev.9f672dc
9f672dc22a95e4429e59e4aabbfe0bc7d4c98438,2026-07-03T09:08:50Z,reexport_check,0.45,140708,2150,ok,sfn 0.8.0-alpha.1+dev.9f672dc
9f672dc22a95e4429e59e4aabbfe0bc7d4c98438,2026-07-03T09:08:50Z,runtime_capsule_resolver,0.53,157184,1953,ok,sfn 0.8.0-alpha.1+dev.9f672dc
9f672dc22a95e4429e59e4aabbfe0bc7d4c98438,2026-07-03T09:08:50Z,string_utils,0.29,107732,1385,ok,sfn 0.8.0-alpha.1+dev.9f672dc
9f672dc22a95e4429e59e4aabbfe0bc7d4c98438,2026-07-03T09:08:50Z,test_runner_json,0.51,173612,2120,ok,sfn 0.8.0-alpha.1+dev.9f672dc
9f672dc22a95e4429e59e4aabbfe0bc7d4c98438,2026-07-03T09:08:50Z,test_runner_state,0.37,112216,1352,ok,sfn 0.8.0-alpha.1+dev.9f672dc
9f672dc22a95e4429e59e4aabbfe0bc7d4c98438,2026-07-03T09:08:50Z,token,0.18,63156,237,ok,sfn 0.8.0-alpha.1+dev.9f672dc
9f672dc22a95e4429e59e4aabbfe0bc7d4c98438,2026-07-03T09:08:50Z,toml_parser,0.72,272436,5137,ok,sfn 0.8.0-alpha.1+dev.9f672dc
9f672dc22a95e4429e59e4aabbfe0bc7d4c98438,2026-07-03T09:08:50Z,tools__check,4.86,418084,3152,ok,sfn 0.8.0-alpha.1+dev.9f672dc
9f672dc22a95e4429e59e4aabbfe0bc7d4c98438,2026-07-03T09:08:50Z,tools__fmt,1.81,555908,12881,ok,sfn 0.8.0-alpha.1+dev.9f672dc
9f672dc22a95e4429e59e4aabbfe0bc7d4c98438,2026-07-03T09:08:50Z,tools__fmt_rules,0.32,124548,1339,ok,sfn 0.8.0-alpha.1+dev.9f672dc
9f672dc22a95e4429e59e4aabbfe0bc7d4c98438,2026-07-03T09:08:50Z,typecheck,3.14,705472,16757,ok,sfn 0.8.0-alpha.1+dev.9f672dc
9f672dc22a95e4429e59e4aabbfe0bc7d4c98438,2026-07-03T09:08:50Z,typecheck_captures,1.08,367036,8882,ok,sfn 0.8.0-alpha.1+dev.9f672dc
9f672dc22a95e4429e59e4aabbfe0bc7d4c98438,2026-07-03T09:08:50Z,typecheck_import_loader,0.66,146472,1080,ok,sfn 0.8.0-alpha.1+dev.9f672dc
9f672dc22a95e4429e59e4aabbfe0bc7d4c98438,2026-07-03T09:08:50Z,typecheck_imports,0.41,120364,1001,ok,sfn 0.8.0-alpha.1+dev.9f672dc
9f672dc22a95e4429e59e4aabbfe0bc7d4c98438,2026-07-03T09:08:50Z,typecheck_types,2.04,621668,12848,ok,sfn 0.8.0-alpha.1+dev.9f672dc
9f672dc22a95e4429e59e4aabbfe0bc7d4c98438,2026-07-03T09:08:50Z,version,0.42,116144,1125,ok,sfn 0.8.0-alpha.1+dev.9f672dc
43bb968e31e80e444907ce906a62cbc32532444c,2026-07-04T08:41:17Z,assert_failure,0.29,109728,1104,ok,sfn 0.8.0-alpha.1+dev.43bb968
43bb968e31e80e444907ce906a62cbc32532444c,2026-07-04T08:41:17Z,ast,0.21,83424,365,ok,sfn 0.8.0-alpha.1+dev.43bb968
43bb968e31e80e444907ce906a62cbc32532444c,2026-07-04T08:41:17Z,backend,0.20,88868,659,ok,sfn 0.8.0-alpha.1+dev.43bb968
43bb968e31e80e444907ce906a62cbc32532444c,2026-07-04T08:41:17Z,bare_assert_check,0.38,145240,2714,ok,sfn 0.8.0-alpha.1+dev.43bb968
43bb968e31e80e444907ce906a62cbc32532444c,2026-07-04T08:41:17Z,build__cache,4.20,529632,2647,ok,sfn 0.8.0-alpha.1+dev.43bb968
43bb968e31e80e444907ce906a62cbc32532444c,2026-07-04T08:41:17Z,build__clang_argv,0.16,72068,319,ok,sfn 0.8.0-alpha.1+dev.43bb968
43bb968e31e80e444907ce906a62cbc32532444c,2026-07-04T08:41:17Z,build__determinism,2.62,445860,2661,ok,sfn 0.8.0-alpha.1+dev.43bb968
43bb968e31e80e444907ce906a62cbc32532444c,2026-07-04T08:41:17Z,build__fs,0.27,122208,1615,ok,sfn 0.8.0-alpha.1+dev.43bb968
43bb968e31e80e444907ce906a62cbc32532444c,2026-07-04T08:41:17Z,build__link,2.06,421428,2517,ok,sfn 0.8.0-alpha.1+dev.43bb968
43bb968e31e80e444907ce906a62cbc32532444c,2026-07-04T08:41:17Z,build__paths,0.20,91680,860,ok,sfn 0.8.0-alpha.1+dev.43bb968
43bb968e31e80e444907ce906a62cbc32532444c,2026-07-04T08:41:17Z,build__runtime_objs,3.16,618192,5306,ok,sfn 0.8.0-alpha.1+dev.43bb968
43bb968e31e80e444907ce906a62cbc32532444c,2026-07-04T08:41:17Z,build_cache,0.54,236300,3438,ok,sfn 0.8.0-alpha.1+dev.43bb968
43bb968e31e80e444907ce906a62cbc32532444c,2026-07-04T08:41:17Z,build_flags,0.16,70820,275,ok,sfn 0.8.0-alpha.1+dev.43bb968
43bb968e31e80e444907ce906a62cbc32532444c,2026-07-04T08:41:17Z,build_report,0.57,227432,3009,ok,sfn 0.8.0-alpha.1+dev.43bb968
43bb968e31e80e444907ce906a62cbc32532444c,2026-07-04T08:41:17Z,build_stamp,0.21,89260,551,ok,sfn 0.8.0-alpha.1+dev.43bb968
43bb968e31e80e444907ce906a62cbc32532444c,2026-07-04T08:41:17Z,capsule_artifact,0.41,190212,2892,ok,sfn 0.8.0-alpha.1+dev.43bb968
43bb968e31e80e444907ce906a62cbc32532444c,2026-07-04T08:41:17Z,capsule_emit_parallel,2.64,461940,3498,ok,sfn 0.8.0-alpha.1+dev.43bb968
43bb968e31e80e444907ce906a62cbc32532444c,2026-07-04T08:41:17Z,capsule_import_scan,0.60,227388,6745,ok,sfn 0.8.0-alpha.1+dev.43bb968
43bb968e31e80e444907ce906a62cbc32532444c,2026-07-04T08:41:17Z,capsule_names,0.20,83808,568,ok,sfn 0.8.0-alpha.1+dev.43bb968
43bb968e31e80e444907ce906a62cbc32532444c,2026-07-04T08:41:17Z,capsule_resolver,5.51,1234328,17149,ok,sfn 0.8.0-alpha.1+dev.43bb968
43bb968e31e80e444907ce906a62cbc32532444c,2026-07-04T08:41:17Z,cli__commands__add,0.84,260300,2912,ok,sfn 0.8.0-alpha.1+dev.43bb968
43bb968e31e80e444907ce906a62cbc32532444c,2026-07-04T08:41:17Z,cli__commands__build,4.77,662212,4812,ok,sfn 0.8.0-alpha.1+dev.43bb968
43bb968e31e80e444907ce906a62cbc32532444c,2026-07-04T08:41:17Z,cli__commands__check,2.19,376020,1697,ok,sfn 0.8.0-alpha.1+dev.43bb968
43bb968e31e80e444907ce906a62cbc32532444c,2026-07-04T08:41:17Z,cli__commands__cmd_shared,0.38,132848,1156,ok,sfn 0.8.0-alpha.1+dev.43bb968
43bb968e31e80e444907ce906a62cbc32532444c,2026-07-04T08:41:17Z,cli__commands__config,0.55,177928,1557,ok,sfn 0.8.0-alpha.1+dev.43bb968
43bb968e31e80e444907ce906a62cbc32532444c,2026-07-04T08:41:17Z,cli__commands__emit,4.19,532768,2833,ok,sfn 0.8.0-alpha.1+dev.43bb968
43bb968e31e80e444907ce906a62cbc32532444c,2026-07-04T08:41:17Z,cli__commands__fmt,1.11,180176,1090,ok,sfn 0.8.0-alpha.1+dev.43bb968
43bb968e31e80e444907ce906a62cbc32532444c,2026-07-04T08:41:17Z,cli__commands__guillermo,0.43,145872,748,ok,sfn 0.8.0-alpha.1+dev.43bb968
43bb968e31e80e444907ce906a62cbc32532444c,2026-07-04T08:41:17Z,cli__commands__init,0.51,141112,756,ok,sfn 0.8.0-alpha.1+dev.43bb968
43bb968e31e80e444907ce906a62cbc32532444c,2026-07-04T08:41:17Z,cli__commands__lock,3.28,429160,2027,ok,sfn 0.8.0-alpha.1+dev.43bb968
43bb968e31e80e444907ce906a62cbc32532444c,2026-07-04T08:41:17Z,cli__commands__login,0.44,141088,998,ok,sfn 0.8.0-alpha.1+dev.43bb968
43bb968e31e80e444907ce906a62cbc32532444c,2026-07-04T08:41:17Z,cli__commands__package,1.53,502600,7624,ok,sfn 0.8.0-alpha.1+dev.43bb968
43bb968e31e80e444907ce906a62cbc32532444c,2026-07-04T08:41:17Z,cli__commands__publish,0.80,227192,2477,ok,sfn 0.8.0-alpha.1+dev.43bb968
43bb968e31e80e444907ce906a62cbc32532444c,2026-07-04T08:41:17Z,cli__commands__run,4.45,557608,2721,ok,sfn 0.8.0-alpha.1+dev.43bb968
43bb968e31e80e444907ce906a62cbc32532444c,2026-07-04T08:41:17Z,cli__commands__test,8.22,1426092,19454,ok,sfn 0.8.0-alpha.1+dev.43bb968
43bb968e31e80e444907ce906a62cbc32532444c,2026-07-04T08:41:17Z,cli__commands__version,0.40,116436,447,ok,sfn 0.8.0-alpha.1+dev.43bb968
43bb968e31e80e444907ce906a62cbc32532444c,2026-07-04T08:41:17Z,cli__context,0.17,76852,481,ok,sfn 0.8.0-alpha.1+dev.43bb968
43bb968e31e80e444907ce906a62cbc32532444c,2026-07-04T08:41:17Z,cli__main,4.20,650628,4493,ok,sfn 0.8.0-alpha.1+dev.43bb968
43bb968e31e80e444907ce906a62cbc32532444c,2026-07-04T08:41:17Z,cli_check,4.93,582636,4116,ok,sfn 0.8.0-alpha.1+dev.43bb968
43bb968e31e80e444907ce906a62cbc32532444c,2026-07-04T08:41:17Z,cli_main,2.29,438788,2664,ok,sfn 0.8.0-alpha.1+dev.43bb968
43bb968e31e80e444907ce906a62cbc32532444c,2026-07-04T08:41:17Z,cli_selfhost,2.68,482540,3796,ok,sfn 0.8.0-alpha.1+dev.43bb968
43bb968e31e80e444907ce906a62cbc32532444c,2026-07-04T08:41:17Z,decorator_semantics,0.17,75136,458,ok,sfn 0.8.0-alpha.1+dev.43bb968
43bb968e31e80e444907ce906a62cbc32532444c,2026-07-04T08:41:17Z,diagnostics_json,1.56,223960,2143,ok,sfn 0.8.0-alpha.1+dev.43bb968
43bb968e31e80e444907ce906a62cbc32532444c,2026-07-04T08:41:17Z,diagnostics_render,1.96,285636,3384,ok,sfn 0.8.0-alpha.1+dev.43bb968
43bb968e31e80e444907ce906a62cbc32532444c,2026-07-04T08:41:17Z,dist_manifest,0.26,111932,1075,ok,sfn 0.8.0-alpha.1+dev.43bb968
43bb968e31e80e444907ce906a62cbc32532444c,2026-07-04T08:41:17Z,effect_checker,1.74,471144,10210,ok,sfn 0.8.0-alpha.1+dev.43bb968
43bb968e31e80e444907ce906a62cbc32532444c,2026-07-04T08:41:17Z,effect_gate,1.88,216280,1438,ok,sfn 0.8.0-alpha.1+dev.43bb968
43bb968e31e80e444907ce906a62cbc32532444c,2026-07-04T08:41:17Z,effect_imports,0.29,107864,937,ok,sfn 0.8.0-alpha.1+dev.43bb968
43bb968e31e80e444907ce906a62cbc32532444c,2026-07-04T08:41:17Z,effect_taxonomy,0.16,68600,330,ok,sfn 0.8.0-alpha.1+dev.43bb968
43bb968e31e80e444907ce906a62cbc32532444c,2026-07-04T08:41:17Z,emit_helpers,2.52,424828,2824,ok,sfn 0.8.0-alpha.1+dev.43bb968
43bb968e31e80e444907ce906a62cbc32532444c,2026-07-04T08:41:17Z,emit_native,2.21,595004,11345,ok,sfn 0.8.0-alpha.1+dev.43bb968
43bb968e31e80e444907ce906a62cbc32532444c,2026-07-04T08:41:17Z,emit_native_desugar_try,1.01,399796,9835,ok,sfn 0.8.0-alpha.1+dev.43bb968
43bb968e31e80e444907ce906a62cbc32532444c,2026-07-04T08:41:17Z,emit_native_format,0.93,371152,7735,ok,sfn 0.8.0-alpha.1+dev.43bb968
43bb968e31e80e444907ce906a62cbc32532444c,2026-07-04T08:41:17Z,emit_native_layout,0.84,326132,5184,ok,sfn 0.8.0-alpha.1+dev.43bb968
43bb968e31e80e444907ce906a62cbc32532444c,2026-07-04T08:41:17Z,emit_native_state,0.42,165516,2135,ok,sfn 0.8.0-alpha.1+dev.43bb968
43bb968e31e80e444907ce906a62cbc32532444c,2026-07-04T08:41:17Z,emitter_sailfin,0.96,388028,8538,ok,sfn 0.8.0-alpha.1+dev.43bb968
43bb968e31e80e444907ce906a62cbc32532444c,2026-07-04T08:41:17Z,emitter_sailfin_expr,0.60,225084,4502,ok,sfn 0.8.0-alpha.1+dev.43bb968
43bb968e31e80e444907ce906a62cbc32532444c,2026-07-04T08:41:17Z,emitter_sailfin_utils,0.27,117820,1440,ok,sfn 0.8.0-alpha.1+dev.43bb968
43bb968e31e80e444907ce906a62cbc32532444c,2026-07-04T08:41:17Z,ice,0.22,87960,574,ok,sfn 0.8.0-alpha.1+dev.43bb968
43bb968e31e80e444907ce906a62cbc32532444c,2026-07-04T08:41:17Z,lexer,0.49,214752,3407,ok,sfn 0.8.0-alpha.1+dev.43bb968
43bb968e31e80e444907ce906a62cbc32532444c,2026-07-04T08:41:17Z,llvm__atomics,3.29,461136,3615,ok,sfn 0.8.0-alpha.1+dev.43bb968
43bb968e31e80e444907ce906a62cbc32532444c,2026-07-04T08:41:17Z,llvm__atomics_check,0.17,76464,470,ok,sfn 0.8.0-alpha.1+dev.43bb968
43bb968e31e80e444907ce906a62cbc32532444c,2026-07-04T08:41:17Z,llvm__byte_load,2.94,315028,1414,ok,sfn 0.8.0-alpha.1+dev.43bb968
43bb968e31e80e444907ce906a62cbc32532444c,2026-07-04T08:41:17Z,llvm__closures,1.09,286808,4291,ok,sfn 0.8.0-alpha.1+dev.43bb968
43bb968e31e80e444907ce906a62cbc32532444c,2026-07-04T08:41:17Z,llvm__effects,1.74,427148,8293,ok,sfn 0.8.0-alpha.1+dev.43bb968
43bb968e31e80e444907ce906a62cbc32532444c,2026-07-04T08:41:17Z,llvm__expression_lowering__arrays,2.54,593588,5152,ok,sfn 0.8.0-alpha.1+dev.43bb968
43bb968e31e80e444907ce906a62cbc32532444c,2026-07-04T08:41:17Z,llvm__expression_lowering__bindings,0.43,130088,1305,ok,sfn 0.8.0-alpha.1+dev.43bb968
43bb968e31e80e444907ce906a62cbc32532444c,2026-07-04T08:41:17Z,llvm__expression_lowering__native__core,9.01,1479880,17474,ok,sfn 0.8.0-alpha.1+dev.43bb968
43bb968e31e80e444907ce906a62cbc32532444c,2026-07-04T08:41:17Z,llvm__expression_lowering__native__core_addressing,0.79,170512,1044,ok,sfn 0.8.0-alpha.1+dev.43bb968
43bb968e31e80e444907ce906a62cbc32532444c,2026-07-04T08:41:17Z,llvm__expression_lowering__native__core_bindings,0.39,108236,774,ok,sfn 0.8.0-alpha.1+dev.43bb968
43bb968e31e80e444907ce906a62cbc32532444c,2026-07-04T08:41:17Z,llvm__expression_lowering__native__core_borrow_lowering,0.89,186996,1124,ok,sfn 0.8.0-alpha.1+dev.43bb968
43bb968e31e80e444907ce906a62cbc32532444c,2026-07-04T08:41:17Z,llvm__expression_lowering__native__core_call_emission,4.80,889672,9693,ok,sfn 0.8.0-alpha.1+dev.43bb968
43bb968e31e80e444907ce906a62cbc32532444c,2026-07-04T08:41:17Z,llvm__expression_lowering__native__core_call_lowering,7.33,736352,6717,ok,sfn 0.8.0-alpha.1+dev.43bb968
43bb968e31e80e444907ce906a62cbc32532444c,2026-07-04T08:41:17Z,llvm__expression_lowering__native__core_call_resolution,6.86,960076,15763,ok,sfn 0.8.0-alpha.1+dev.43bb968
43bb968e31e80e444907ce906a62cbc32532444c,2026-07-04T08:41:17Z,llvm__expression_lowering__native__core_calls,0.44,141304,2745,ok,sfn 0.8.0-alpha.1+dev.43bb968
43bb968e31e80e444907ce906a62cbc32532444c,2026-07-04T08:41:17Z,llvm__expression_lowering__native__core_helpers,0.75,169992,1338,ok,sfn 0.8.0-alpha.1+dev.43bb968
43bb968e31e80e444907ce906a62cbc32532444c,2026-07-04T08:41:17Z,llvm__expression_lowering__native__core_index_lowering,4.63,477400,4064,ok,sfn 0.8.0-alpha.1+dev.43bb968
43bb968e31e80e444907ce906a62cbc32532444c,2026-07-04T08:41:17Z,llvm__expression_lowering__native__core_literals_lowering,7.97,1365012,15390,ok,sfn 0.8.0-alpha.1+dev.43bb968
43bb968e31e80e444907ce906a62cbc32532444c,2026-07-04T08:41:17Z,llvm__expression_lowering__native__core_match_helpers,0.37,100000,723,ok,sfn 0.8.0-alpha.1+dev.43bb968
43bb968e31e80e444907ce906a62cbc32532444c,2026-07-04T08:41:17Z,llvm__expression_lowering__native__core_member_helpers,0.70,169840,1289,ok,sfn 0.8.0-alpha.1+dev.43bb968
43bb968e31e80e444907ce906a62cbc32532444c,2026-07-04T08:41:17Z,llvm__expression_lowering__native__core_member_lowering,4.60,805236,10040,ok,sfn 0.8.0-alpha.1+dev.43bb968
43bb968e31e80e444907ce906a62cbc32532444c,2026-07-04T08:41:17Z,llvm__expression_lowering__native__core_operands,4.40,1229968,18934,ok,sfn 0.8.0-alpha.1+dev.43bb968
43bb968e31e80e444907ce906a62cbc32532444c,2026-07-04T08:41:17Z,llvm__expression_lowering__native__core_operators,1.01,285652,6279,ok,sfn 0.8.0-alpha.1+dev.43bb968
43bb968e31e80e444907ce906a62cbc32532444c,2026-07-04T08:41:17Z,llvm__expression_lowering__native__core_ops_lowering,6.00,930952,10221,ok,sfn 0.8.0-alpha.1+dev.43bb968
43bb968e31e80e444907ce906a62cbc32532444c,2026-07-04T08:41:17Z,llvm__expression_lowering__native__core_ownership,1.33,265016,2102,ok,sfn 0.8.0-alpha.1+dev.43bb968
43bb968e31e80e444907ce906a62cbc32532444c,2026-07-04T08:41:17Z,llvm__expression_lowering__native__core_parse,1.54,453548,11991,ok,sfn 0.8.0-alpha.1+dev.43bb968
43bb968e31e80e444907ce906a62cbc32532444c,2026-07-04T08:41:17Z,llvm__expression_lowering__native__core_parsing,1.51,384632,7630,ok,sfn 0.8.0-alpha.1+dev.43bb968
43bb968e31e80e444907ce906a62cbc32532444c,2026-07-04T08:41:17Z,llvm__expression_lowering__native__core_scopes,1.44,308044,3157,ok,sfn 0.8.0-alpha.1+dev.43bb968
43bb968e31e80e444907ce906a62cbc32532444c,2026-07-04T08:41:17Z,llvm__expression_lowering__native__core_strings,2.40,320724,2703,ok,sfn 0.8.0-alpha.1+dev.43bb968
43bb968e31e80e444907ce906a62cbc32532444c,2026-07-04T08:41:17Z,llvm__expression_lowering__native__core_text,0.91,305488,5352,ok,sfn 0.8.0-alpha.1+dev.43bb968
43bb968e31e80e444907ce906a62cbc32532444c,2026-07-04T08:41:17Z,llvm__expression_lowering__native__core_type_mapping,1.34,364992,6102,ok,sfn 0.8.0-alpha.1+dev.43bb968
43bb968e31e80e444907ce906a62cbc32532444c,2026-07-04T08:41:17Z,llvm__expression_lowering__native__lambda_lowering,2.45,545672,9817,ok,sfn 0.8.0-alpha.1+dev.43bb968
43bb968e31e80e444907ce906a62cbc32532444c,2026-07-04T08:41:17Z,llvm__expression_lowering__native__lambda_param_inference,0.83,293464,6571,ok,sfn 0.8.0-alpha.1+dev.43bb968
43bb968e31e80e444907ce906a62cbc32532444c,2026-07-04T08:41:17Z,llvm__expression_lowering__native__mod,5.08,434516,1481,ok,sfn 0.8.0-alpha.1+dev.43bb968
43bb968e31e80e444907ce906a62cbc32532444c,2026-07-04T08:41:17Z,llvm__expression_lowering__native__runtime_call,2.59,274256,2158,ok,sfn 0.8.0-alpha.1+dev.43bb968
43bb968e31e80e444907ce906a62cbc32532444c,2026-07-04T08:41:17Z,llvm__expression_lowering__native__statement,5.82,765864,7022,ok,sfn 0.8.0-alpha.1+dev.43bb968
43bb968e31e80e444907ce906a62cbc32532444c,2026-07-04T08:41:17Z,llvm__expression_lowering__native__statement_assignment,5.61,713032,6238,ok,sfn 0.8.0-alpha.1+dev.43bb968
43bb968e31e80e444907ce906a62cbc32532444c,2026-07-04T08:41:17Z,llvm__expression_lowering__native__statement_parsing,0.68,202796,3062,ok,sfn 0.8.0-alpha.1+dev.43bb968
43bb968e31e80e444907ce906a62cbc32532444c,2026-07-04T08:41:17Z,llvm__expression_lowering__native__statement_suspension,3.10,372028,3072,ok,sfn 0.8.0-alpha.1+dev.43bb968
43bb968e31e80e444907ce906a62cbc32532444c,2026-07-04T08:41:17Z,llvm__expression_lowering__native__statement_type_mapping,1.20,306360,4337,ok,sfn 0.8.0-alpha.1+dev.43bb968
43bb968e31e80e444907ce906a62cbc32532444c,2026-07-04T08:41:17Z,llvm__expression_lowering__native__temp_recovery,0.36,108272,952,ok,sfn 0.8.0-alpha.1+dev.43bb968
43bb968e31e80e444907ce906a62cbc32532444c,2026-07-04T08:41:17Z,llvm__expression_lowering__splitting,0.41,126184,1867,ok,sfn 0.8.0-alpha.1+dev.43bb968
43bb968e31e80e444907ce906a62cbc32532444c,2026-07-04T08:41:17Z,llvm__expressions,0.45,120640,983,ok,sfn 0.8.0-alpha.1+dev.43bb968
43bb968e31e80e444907ce906a62cbc32532444c,2026-07-04T08:41:17Z,llvm__expressions_bindings,0.42,124596,1225,ok,sfn 0.8.0-alpha.1+dev.43bb968
43bb968e31e80e444907ce906a62cbc32532444c,2026-07-04T08:41:17Z,llvm__expressions_helpers,0.61,171372,2107,ok,sfn 0.8.0-alpha.1+dev.43bb968
43bb968e31e80e444907ce906a62cbc32532444c,2026-07-04T08:41:17Z,llvm__expressions_literals,0.48,163252,2475,ok,sfn 0.8.0-alpha.1+dev.43bb968
43bb968e31e80e444907ce906a62cbc32532444c,2026-07-04T08:41:17Z,llvm__expressions_operators,0.65,182328,3325,ok,sfn 0.8.0-alpha.1+dev.43bb968
43bb968e31e80e444907ce906a62cbc32532444c,2026-07-04T08:41:17Z,llvm__expressions_parsing,0.89,274508,6084,ok,sfn 0.8.0-alpha.1+dev.43bb968
43bb968e31e80e444907ce906a62cbc32532444c,2026-07-04T08:41:17Z,llvm__imports,1.22,353364,5282,ok,sfn 0.8.0-alpha.1+dev.43bb968
43bb968e31e80e444907ce906a62cbc32532444c,2026-07-04T08:41:17Z,llvm__lifetime,1.48,428868,5783,ok,sfn 0.8.0-alpha.1+dev.43bb968
43bb968e31e80e444907ce906a62cbc32532444c,2026-07-04T08:41:17Z,llvm__lowering__abi_hash,0.24,112576,1400,ok,sfn 0.8.0-alpha.1+dev.43bb968
43bb968e31e80e444907ce906a62cbc32532444c,2026-07-04T08:41:17Z,llvm__lowering__emission,3.33,643076,7137,ok,sfn 0.8.0-alpha.1+dev.43bb968
43bb968e31e80e444907ce906a62cbc32532444c,2026-07-04T08:41:17Z,llvm__lowering__emission_async,2.91,507636,3463,ok,sfn 0.8.0-alpha.1+dev.43bb968
43bb968e31e80e444907ce906a62cbc32532444c,2026-07-04T08:41:17Z,llvm__lowering__emission_header,0.34,101900,837,ok,sfn 0.8.0-alpha.1+dev.43bb968
43bb968e31e80e444907ce906a62cbc32532444c,2026-07-04T08:41:17Z,llvm__lowering__entrypoints,4.58,692504,3947,ok,sfn 0.8.0-alpha.1+dev.43bb968
43bb968e31e80e444907ce906a62cbc32532444c,2026-07-04T08:41:17Z,llvm__lowering__entrypoints_tests,4.10,565780,2009,ok,sfn 0.8.0-alpha.1+dev.43bb968
43bb968e31e80e444907ce906a62cbc32532444c,2026-07-04T08:41:17Z,llvm__lowering__entrypoints_tests_writer,4.02,553224,1991,ok,sfn 0.8.0-alpha.1+dev.43bb968
43bb968e31e80e444907ce906a62cbc32532444c,2026-07-04T08:41:17Z,llvm__lowering__instructions,4.02,749928,7849,ok,sfn 0.8.0-alpha.1+dev.43bb968
43bb968e31e80e444907ce906a62cbc32532444c,2026-07-04T08:41:17Z,llvm__lowering__instructions_condition,3.08,354360,2105,ok,sfn 0.8.0-alpha.1+dev.43bb968
43bb968e31e80e444907ce906a62cbc32532444c,2026-07-04T08:41:17Z,llvm__lowering__instructions_for,6.35,755716,4283,ok,sfn 0.8.0-alpha.1+dev.43bb968
43bb968e31e80e444907ce906a62cbc32532444c,2026-07-04T08:41:17Z,llvm__lowering__instructions_for_range,6.38,824316,5748,ok,sfn 0.8.0-alpha.1+dev.43bb968
43bb968e31e80e444907ce906a62cbc32532444c,2026-07-04T08:41:17Z,llvm__lowering__instructions_helpers,1.31,343068,5033,ok,sfn 0.8.0-alpha.1+dev.43bb968
43bb968e31e80e444907ce906a62cbc32532444c,2026-07-04T08:41:17Z,llvm__lowering__instructions_if,4.66,741972,10128,ok,sfn 0.8.0-alpha.1+dev.43bb968
43bb968e31e80e444907ce906a62cbc32532444c,2026-07-04T08:41:17Z,llvm__lowering__instructions_let,5.82,767500,7734,ok,sfn 0.8.0-alpha.1+dev.43bb968
43bb968e31e80e444907ce906a62cbc32532444c,2026-07-04T08:41:17Z,llvm__lowering__instructions_loops,4.41,643244,6622,ok,sfn 0.8.0-alpha.1+dev.43bb968
43bb968e31e80e444907ce906a62cbc32532444c,2026-07-04T08:41:17Z,llvm__lowering__instructions_match,6.82,902544,9202,ok,sfn 0.8.0-alpha.1+dev.43bb968
43bb968e31e80e444907ce906a62cbc32532444c,2026-07-04T08:41:17Z,llvm__lowering__instructions_match_condition,5.19,576084,5322,ok,sfn 0.8.0-alpha.1+dev.43bb968
43bb968e31e80e444907ce906a62cbc32532444c,2026-07-04T08:41:17Z,llvm__lowering__instructions_routine,2.31,389696,2271,ok,sfn 0.8.0-alpha.1+dev.43bb968
43bb968e31e80e444907ce906a62cbc32532444c,2026-07-04T08:41:17Z,llvm__lowering__instructions_try,5.52,684124,5505,ok,sfn 0.8.0-alpha.1+dev.43bb968
43bb968e31e80e444907ce906a62cbc32532444c,2026-07-04T08:41:17Z,llvm__lowering__lowering_core,6.04,1153336,12734,ok,sfn 0.8.0-alpha.1+dev.43bb968
43bb968e31e80e444907ce906a62cbc32532444c,2026-07-04T08:41:17Z,llvm__lowering__lowering_helpers,3.32,707052,10847,ok,sfn 0.8.0-alpha.1+dev.43bb968
43bb968e31e80e444907ce906a62cbc32532444c,2026-07-04T08:41:17Z,llvm__lowering__lowering_helpers_mangling,2.11,456284,6442,ok,sfn 0.8.0-alpha.1+dev.43bb968
43bb968e31e80e444907ce906a62cbc32532444c,2026-07-04T08:41:17Z,llvm__lowering__lowering_io,0.59,166600,1875,ok,sfn 0.8.0-alpha.1+dev.43bb968
43bb968e31e80e444907ce906a62cbc32532444c,2026-07-04T08:41:17Z,llvm__lowering__lowering_native_helpers,0.37,161156,2184,ok,sfn 0.8.0-alpha.1+dev.43bb968
43bb968e31e80e444907ce906a62cbc32532444c,2026-07-04T08:41:17Z,llvm__lowering__lowering_phase_functions,2.15,400504,3132,ok,sfn 0.8.0-alpha.1+dev.43bb968
43bb968e31e80e444907ce906a62cbc32532444c,2026-07-04T08:41:17Z,llvm__lowering__lowering_phase_imports,1.85,321952,2468,ok,sfn 0.8.0-alpha.1+dev.43bb968
43bb968e31e80e444907ce906a62cbc32532444c,2026-07-04T08:41:17Z,llvm__lowering__lowering_phase_render,1.43,265944,2259,ok,sfn 0.8.0-alpha.1+dev.43bb968
43bb968e31e80e444907ce906a62cbc32532444c,2026-07-04T08:41:17Z,llvm__lowering__lowering_phase_sanitize,2.43,411664,3431,ok,sfn 0.8.0-alpha.1+dev.43bb968
43bb968e31e80e444907ce906a62cbc32532444c,2026-07-04T08:41:17Z,llvm__lowering__lowering_phase_types,0.79,188044,1565,ok,sfn 0.8.0-alpha.1+dev.43bb968
43bb968e31e80e444907ce906a62cbc32532444c,2026-07-04T08:41:17Z,llvm__lowering__lowering_recovery,2.92,675828,15290,ok,sfn 0.8.0-alpha.1+dev.43bb968
43bb968e31e80e444907ce906a62cbc32532444c,2026-07-04T08:41:17Z,llvm__lowering__lowering_text_utils,0.61,177820,2007,ok,sfn 0.8.0-alpha.1+dev.43bb968
43bb968e31e80e444907ce906a62cbc32532444c,2026-07-04T08:41:17Z,llvm__lowering__module_globals,1.37,322264,4341,ok,sfn 0.8.0-alpha.1+dev.43bb968
43bb968e31e80e444907ce906a62cbc32532444c,2026-07-04T08:41:17Z,llvm__lowering__phi,0.84,270476,3966,ok,sfn 0.8.0-alpha.1+dev.43bb968
43bb968e31e80e444907ce906a62cbc32532444c,2026-07-04T08:41:17Z,llvm__lowering__type_descriptors,0.68,202732,2470,ok,sfn 0.8.0-alpha.1+dev.43bb968
43bb968e31e80e444907ce906a62cbc32532444c,2026-07-04T08:41:17Z,llvm__lowering_debug_state,0.26,108052,1515,ok,sfn 0.8.0-alpha.1+dev.43bb968
43bb968e31e80e444907ce906a62cbc32532444c,2026-07-04T08:41:17Z,llvm__mod,2.54,336836,1892,ok,sfn 0.8.0-alpha.1+dev.43bb968
43bb968e31e80e444907ce906a62cbc32532444c,2026-07-04T08:41:17Z,llvm__monomorphize,1.35,420572,8699,ok,sfn 0.8.0-alpha.1+dev.43bb968
43bb968e31e80e444907ce906a62cbc32532444c,2026-07-04T08:41:17Z,llvm__rendering,1.85,377136,5383,ok,sfn 0.8.0-alpha.1+dev.43bb968
43bb968e31e80e444907ce906a62cbc32532444c,2026-07-04T08:41:17Z,llvm__rendering_helpers,1.17,302360,4240,ok,sfn 0.8.0-alpha.1+dev.43bb968
43bb968e31e80e444907ce906a62cbc32532444c,2026-07-04T08:41:17Z,llvm__runtime_helpers,3.49,1036908,19900,ok,sfn 0.8.0-alpha.1+dev.43bb968
43bb968e31e80e444907ce906a62cbc32532444c,2026-07-04T08:41:17Z,llvm__strings,0.58,158776,1822,ok,sfn 0.8.0-alpha.1+dev.43bb968
43bb968e31e80e444907ce906a62cbc32532444c,2026-07-04T08:41:17Z,llvm__type_context,1.32,342740,4548,ok,sfn 0.8.0-alpha.1+dev.43bb968
43bb968e31e80e444907ce906a62cbc32532444c,2026-07-04T08:41:17Z,llvm__type_context_queries,1.10,270252,3171,ok,sfn 0.8.0-alpha.1+dev.43bb968
43bb968e31e80e444907ce906a62cbc32532444c,2026-07-04T08:41:17Z,llvm__type_mapping,1.29,440648,9197,ok,sfn 0.8.0-alpha.1+dev.43bb968
43bb968e31e80e444907ce906a62cbc32532444c,2026-07-04T08:41:17Z,llvm__types,0.46,125532,709,ok,sfn 0.8.0-alpha.1+dev.43bb968
43bb968e31e80e444907ce906a62cbc32532444c,2026-07-04T08:41:17Z,llvm__utils,0.72,251956,4591,ok,sfn 0.8.0-alpha.1+dev.43bb968
43bb968e31e80e444907ce906a62cbc32532444c,2026-07-04T08:41:17Z,lock,0.28,126064,1570,ok,sfn 0.8.0-alpha.1+dev.43bb968
43bb968e31e80e444907ce906a62cbc32532444c,2026-07-04T08:41:17Z,main,6.31,920168,5917,ok,sfn 0.8.0-alpha.1+dev.43bb968
43bb968e31e80e444907ce906a62cbc32532444c,2026-07-04T08:41:17Z,native_ir,0.24,84312,353,ok,sfn 0.8.0-alpha.1+dev.43bb968
43bb968e31e80e444907ce906a62cbc32532444c,2026-07-04T08:41:17Z,native_ir_api,1.16,277512,3239,ok,sfn 0.8.0-alpha.1+dev.43bb968
43bb968e31e80e444907ce906a62cbc32532444c,2026-07-04T08:41:17Z,native_ir_parser,1.23,309684,4463,ok,sfn 0.8.0-alpha.1+dev.43bb968
43bb968e31e80e444907ce906a62cbc32532444c,2026-07-04T08:41:17Z,native_ir_parser_defs,1.30,379988,6200,ok,sfn 0.8.0-alpha.1+dev.43bb968
43bb968e31e80e444907ce906a62cbc32532444c,2026-07-04T08:41:17Z,native_ir_parser_instructions,0.85,239460,3271,ok,sfn 0.8.0-alpha.1+dev.43bb968
43bb968e31e80e444907ce906a62cbc32532444c,2026-07-04T08:41:17Z,native_ir_utils_layout,0.87,350212,7531,ok,sfn 0.8.0-alpha.1+dev.43bb968
43bb968e31e80e444907ce906a62cbc32532444c,2026-07-04T08:41:17Z,native_ir_utils_parse,1.08,428500,7818,ok,sfn 0.8.0-alpha.1+dev.43bb968
43bb968e31e80e444907ce906a62cbc32532444c,2026-07-04T08:41:17Z,native_ir_utils_text,0.41,171444,3181,ok,sfn 0.8.0-alpha.1+dev.43bb968
43bb968e31e80e444907ce906a62cbc32532444c,2026-07-04T08:41:17Z,num_format,0.16,71028,352,ok,sfn 0.8.0-alpha.1+dev.43bb968
43bb968e31e80e444907ce906a62cbc32532444c,2026-07-04T08:41:17Z,ownership_checker,2.82,594176,12111,ok,sfn 0.8.0-alpha.1+dev.43bb968
43bb968e31e80e444907ce906a62cbc32532444c,2026-07-04T08:41:17Z,parser__declarations,3.81,856496,14074,ok,sfn 0.8.0-alpha.1+dev.43bb968
43bb968e31e80e444907ce906a62cbc32532444c,2026-07-04T08:41:17Z,parser__expressions,4.17,860988,15126,ok,sfn 0.8.0-alpha.1+dev.43bb968
43bb968e31e80e444907ce906a62cbc32532444c,2026-07-04T08:41:17Z,parser__mod,3.17,380148,3826,ok,sfn 0.8.0-alpha.1+dev.43bb968
43bb968e31e80e444907ce906a62cbc32532444c,2026-07-04T08:41:17Z,parser__statements,3.51,626832,8820,ok,sfn 0.8.0-alpha.1+dev.43bb968
43bb968e31e80e444907ce906a62cbc32532444c,2026-07-04T08:41:17Z,parser__token_utils,1.01,364708,10282,ok,sfn 0.8.0-alpha.1+dev.43bb968
43bb968e31e80e444907ce906a62cbc32532444c,2026-07-04T08:41:17Z,parser__types,0.28,96548,448,ok,sfn 0.8.0-alpha.1+dev.43bb968
43bb968e31e80e444907ce906a62cbc32532444c,2026-07-04T08:41:17Z,parser__utils,0.25,112192,1256,ok,sfn 0.8.0-alpha.1+dev.43bb968
43bb968e31e80e444907ce906a62cbc32532444c,2026-07-04T08:41:17Z,prelude_globals,0.50,127196,920,ok,sfn 0.8.0-alpha.1+dev.43bb968
43bb968e31e80e444907ce906a62cbc32532444c,2026-07-04T08:41:17Z,prelude_scan,0.62,137864,1210,ok,sfn 0.8.0-alpha.1+dev.43bb968
43bb968e31e80e444907ce906a62cbc32532444c,2026-07-04T08:41:17Z,reexport_check,0.39,145020,2150,ok,sfn 0.8.0-alpha.1+dev.43bb968
43bb968e31e80e444907ce906a62cbc32532444c,2026-07-04T08:41:17Z,runtime_capsule_resolver,0.42,159288,1953,ok,sfn 0.8.0-alpha.1+dev.43bb968
43bb968e31e80e444907ce906a62cbc32532444c,2026-07-04T08:41:17Z,string_cmd_utils,0.22,95716,756,ok,sfn 0.8.0-alpha.1+dev.43bb968
43bb968e31e80e444907ce906a62cbc32532444c,2026-07-04T08:41:17Z,string_utils,0.24,112000,1399,ok,sfn 0.8.0-alpha.1+dev.43bb968
43bb968e31e80e444907ce906a62cbc32532444c,2026-07-04T08:41:17Z,test_runner_json,0.43,175364,2120,ok,sfn 0.8.0-alpha.1+dev.43bb968
43bb968e31e80e444907ce906a62cbc32532444c,2026-07-04T08:41:17Z,test_runner_state,0.32,116248,1352,ok,sfn 0.8.0-alpha.1+dev.43bb968
43bb968e31e80e444907ce906a62cbc32532444c,2026-07-04T08:41:17Z,token,0.15,66892,237,ok,sfn 0.8.0-alpha.1+dev.43bb968
43bb968e31e80e444907ce906a62cbc32532444c,2026-07-04T08:41:17Z,toml_parser,0.60,276432,5137,ok,sfn 0.8.0-alpha.1+dev.43bb968
43bb968e31e80e444907ce906a62cbc32532444c,2026-07-04T08:41:17Z,tools__check,4.48,434660,3172,ok,sfn 0.8.0-alpha.1+dev.43bb968
43bb968e31e80e444907ce906a62cbc32532444c,2026-07-04T08:41:17Z,tools__fmt,1.56,561356,12881,ok,sfn 0.8.0-alpha.1+dev.43bb968
43bb968e31e80e444907ce906a62cbc32532444c,2026-07-04T08:41:17Z,tools__fmt_rules,0.27,128300,1339,ok,sfn 0.8.0-alpha.1+dev.43bb968
43bb968e31e80e444907ce906a62cbc32532444c,2026-07-04T08:41:17Z,typecheck,3.22,765992,17879,ok,sfn 0.8.0-alpha.1+dev.43bb968
43bb968e31e80e444907ce906a62cbc32532444c,2026-07-04T08:41:17Z,typecheck_captures,0.99,397628,9683,ok,sfn 0.8.0-alpha.1+dev.43bb968
43bb968e31e80e444907ce906a62cbc32532444c,2026-07-04T08:41:17Z,typecheck_import_loader,0.54,150016,1080,ok,sfn 0.8.0-alpha.1+dev.43bb968
43bb968e31e80e444907ce906a62cbc32532444c,2026-07-04T08:41:17Z,typecheck_imports,0.35,124680,1001,ok,sfn 0.8.0-alpha.1+dev.43bb968
43bb968e31e80e444907ce906a62cbc32532444c,2026-07-04T08:41:17Z,typecheck_types,2.19,753132,15700,ok,sfn 0.8.0-alpha.1+dev.43bb968
43bb968e31e80e444907ce906a62cbc32532444c,2026-07-04T08:41:17Z,version,0.33,120340,1125,ok,sfn 0.8.0-alpha.1+dev.43bb968
278b6a93d9aca90a04910d38d647870d1807b3b1,2026-07-05T08:59:20Z,assert_failure,0.34,110072,1104,ok,sfn 0.8.0-alpha.1+dev.278b6a9
278b6a93d9aca90a04910d38d647870d1807b3b1,2026-07-05T08:59:20Z,ast,0.27,83948,369,ok,sfn 0.8.0-alpha.1+dev.278b6a9
278b6a93d9aca90a04910d38d647870d1807b3b1,2026-07-05T08:59:20Z,backend,0.25,95644,760,ok,sfn 0.8.0-alpha.1+dev.278b6a9
278b6a93d9aca90a04910d38d647870d1807b3b1,2026-07-05T08:59:20Z,bare_assert_check,0.44,145048,2718,ok,sfn 0.8.0-alpha.1+dev.278b6a9
278b6a93d9aca90a04910d38d647870d1807b3b1,2026-07-05T08:59:20Z,build__cache,5.07,542188,2688,ok,sfn 0.8.0-alpha.1+dev.278b6a9
278b6a93d9aca90a04910d38d647870d1807b3b1,2026-07-05T08:59:20Z,build__clang_argv,0.19,71932,319,ok,sfn 0.8.0-alpha.1+dev.278b6a9
278b6a93d9aca90a04910d38d647870d1807b3b1,2026-07-05T08:59:20Z,build__determinism,3.21,450680,2681,ok,sfn 0.8.0-alpha.1+dev.278b6a9
278b6a93d9aca90a04910d38d647870d1807b3b1,2026-07-05T08:59:20Z,build__fs,0.32,124264,1615,ok,sfn 0.8.0-alpha.1+dev.278b6a9
278b6a93d9aca90a04910d38d647870d1807b3b1,2026-07-05T08:59:20Z,build__link,2.61,433140,2554,ok,sfn 0.8.0-alpha.1+dev.278b6a9
278b6a93d9aca90a04910d38d647870d1807b3b1,2026-07-05T08:59:20Z,build__paths,0.23,91840,860,ok,sfn 0.8.0-alpha.1+dev.278b6a9
278b6a93d9aca90a04910d38d647870d1807b3b1,2026-07-05T08:59:20Z,build__runtime_objs,4.01,631092,5342,ok,sfn 0.8.0-alpha.1+dev.278b6a9
278b6a93d9aca90a04910d38d647870d1807b3b1,2026-07-05T08:59:20Z,build_cache,0.85,313572,5252,ok,sfn 0.8.0-alpha.1+dev.278b6a9
278b6a93d9aca90a04910d38d647870d1807b3b1,2026-07-05T08:59:20Z,build_flags,0.19,71056,275,ok,sfn 0.8.0-alpha.1+dev.278b6a9
278b6a93d9aca90a04910d38d647870d1807b3b1,2026-07-05T08:59:20Z,build_report,0.79,235452,3033,ok,sfn 0.8.0-alpha.1+dev.278b6a9
278b6a93d9aca90a04910d38d647870d1807b3b1,2026-07-05T08:59:20Z,build_stamp,0.25,89096,551,ok,sfn 0.8.0-alpha.1+dev.278b6a9
278b6a93d9aca90a04910d38d647870d1807b3b1,2026-07-05T08:59:20Z,capsule_artifact,0.48,189936,2892,ok,sfn 0.8.0-alpha.1+dev.278b6a9
278b6a93d9aca90a04910d38d647870d1807b3b1,2026-07-05T08:59:20Z,capsule_emit_parallel,3.21,466104,3510,ok,sfn 0.8.0-alpha.1+dev.278b6a9
278b6a93d9aca90a04910d38d647870d1807b3b1,2026-07-05T08:59:20Z,capsule_import_scan,0.70,227340,6745,ok,sfn 0.8.0-alpha.1+dev.278b6a9
278b6a93d9aca90a04910d38d647870d1807b3b1,2026-07-05T08:59:20Z,capsule_names,0.23,83784,568,ok,sfn 0.8.0-alpha.1+dev.278b6a9
278b6a93d9aca90a04910d38d647870d1807b3b1,2026-07-05T08:59:20Z,capsule_resolver,6.66,1251416,17190,ok,sfn 0.8.0-alpha.1+dev.278b6a9
278b6a93d9aca90a04910d38d647870d1807b3b1,2026-07-05T08:59:20Z,cli__commands__add,1.07,288988,3846,ok,sfn 0.8.0-alpha.1+dev.278b6a9
278b6a93d9aca90a04910d38d647870d1807b3b1,2026-07-05T08:59:20Z,cli__commands__build,5.70,674368,4860,ok,sfn 0.8.0-alpha.1+dev.278b6a9
278b6a93d9aca90a04910d38d647870d1807b3b1,2026-07-05T08:59:20Z,cli__commands__cache,0.76,165720,1088,ok,sfn 0.8.0-alpha.1+dev.278b6a9
278b6a93d9aca90a04910d38d647870d1807b3b1,2026-07-05T08:59:20Z,cli__commands__check,2.61,379632,1713,ok,sfn 0.8.0-alpha.1+dev.278b6a9
278b6a93d9aca90a04910d38d647870d1807b3b1,2026-07-05T08:59:20Z,cli__commands__cmd_shared,0.47,132680,1156,ok,sfn 0.8.0-alpha.1+dev.278b6a9
278b6a93d9aca90a04910d38d647870d1807b3b1,2026-07-05T08:59:20Z,cli__commands__config,0.64,178188,1557,ok,sfn 0.8.0-alpha.1+dev.278b6a9
278b6a93d9aca90a04910d38d647870d1807b3b1,2026-07-05T08:59:20Z,cli__commands__emit,4.95,537024,2853,ok,sfn 0.8.0-alpha.1+dev.278b6a9
278b6a93d9aca90a04910d38d647870d1807b3b1,2026-07-05T08:59:20Z,cli__commands__fmt,1.28,182144,1091,ok,sfn 0.8.0-alpha.1+dev.278b6a9
278b6a93d9aca90a04910d38d647870d1807b3b1,2026-07-05T08:59:20Z,cli__commands__guillermo,0.52,146068,748,ok,sfn 0.8.0-alpha.1+dev.278b6a9
278b6a93d9aca90a04910d38d647870d1807b3b1,2026-07-05T08:59:20Z,cli__commands__init,0.64,141164,756,ok,sfn 0.8.0-alpha.1+dev.278b6a9
278b6a93d9aca90a04910d38d647870d1807b3b1,2026-07-05T08:59:20Z,cli__commands__lock,3.75,431424,2047,ok,sfn 0.8.0-alpha.1+dev.278b6a9
278b6a93d9aca90a04910d38d647870d1807b3b1,2026-07-05T08:59:20Z,cli__commands__login,0.53,140800,998,ok,sfn 0.8.0-alpha.1+dev.278b6a9
278b6a93d9aca90a04910d38d647870d1807b3b1,2026-07-05T08:59:20Z,cli__commands__package,1.76,502672,7624,ok,sfn 0.8.0-alpha.1+dev.278b6a9
278b6a93d9aca90a04910d38d647870d1807b3b1,2026-07-05T08:59:20Z,cli__commands__publish,0.90,227232,2477,ok,sfn 0.8.0-alpha.1+dev.278b6a9
278b6a93d9aca90a04910d38d647870d1807b3b1,2026-07-05T08:59:20Z,cli__commands__run,5.29,567208,2763,ok,sfn 0.8.0-alpha.1+dev.278b6a9
278b6a93d9aca90a04910d38d647870d1807b3b1,2026-07-05T08:59:20Z,cli__commands__test,9.51,1442176,19491,ok,sfn 0.8.0-alpha.1+dev.278b6a9
278b6a93d9aca90a04910d38d647870d1807b3b1,2026-07-05T08:59:20Z,cli__commands__version,0.49,116572,447,ok,sfn 0.8.0-alpha.1+dev.278b6a9
278b6a93d9aca90a04910d38d647870d1807b3b1,2026-07-05T08:59:20Z,cli__context,0.20,76728,481,ok,sfn 0.8.0-alpha.1+dev.278b6a9
278b6a93d9aca90a04910d38d647870d1807b3b1,2026-07-05T08:59:20Z,cli__main,4.97,669828,4735,ok,sfn 0.8.0-alpha.1+dev.278b6a9
278b6a93d9aca90a04910d38d647870d1807b3b1,2026-07-05T08:59:20Z,cli_check,5.81,593840,4147,ok,sfn 0.8.0-alpha.1+dev.278b6a9
278b6a93d9aca90a04910d38d647870d1807b3b1,2026-07-05T08:59:20Z,cli_main,2.73,443292,2692,ok,sfn 0.8.0-alpha.1+dev.278b6a9
278b6a93d9aca90a04910d38d647870d1807b3b1,2026-07-05T08:59:20Z,cli_selfhost,3.27,488208,3816,ok,sfn 0.8.0-alpha.1+dev.278b6a9
278b6a93d9aca90a04910d38d647870d1807b3b1,2026-07-05T08:59:20Z,decorator_semantics,0.19,75088,458,ok,sfn 0.8.0-alpha.1+dev.278b6a9
278b6a93d9aca90a04910d38d647870d1807b3b1,2026-07-05T08:59:20Z,diagnostics_json,1.95,231472,2158,ok,sfn 0.8.0-alpha.1+dev.278b6a9
278b6a93d9aca90a04910d38d647870d1807b3b1,2026-07-05T08:59:20Z,diagnostics_render,2.45,290364,3399,ok,sfn 0.8.0-alpha.1+dev.278b6a9
278b6a93d9aca90a04910d38d647870d1807b3b1,2026-07-05T08:59:20Z,dist_manifest,0.30,112008,1075,ok,sfn 0.8.0-alpha.1+dev.278b6a9
278b6a93d9aca90a04910d38d647870d1807b3b1,2026-07-05T08:59:20Z,effect_checker,1.94,474308,10214,ok,sfn 0.8.0-alpha.1+dev.278b6a9
278b6a93d9aca90a04910d38d647870d1807b3b1,2026-07-05T08:59:20Z,effect_gate,2.36,223752,1453,ok,sfn 0.8.0-alpha.1+dev.278b6a9
278b6a93d9aca90a04910d38d647870d1807b3b1,2026-07-05T08:59:20Z,effect_imports,0.33,107992,941,ok,sfn 0.8.0-alpha.1+dev.278b6a9
278b6a93d9aca90a04910d38d647870d1807b3b1,2026-07-05T08:59:20Z,effect_taxonomy,0.19,68480,330,ok,sfn 0.8.0-alpha.1+dev.278b6a9
278b6a93d9aca90a04910d38d647870d1807b3b1,2026-07-05T08:59:20Z,emit_helpers,3.05,429072,2836,ok,sfn 0.8.0-alpha.1+dev.278b6a9
278b6a93d9aca90a04910d38d647870d1807b3b1,2026-07-05T08:59:20Z,emit_native,2.63,596120,11349,ok,sfn 0.8.0-alpha.1+dev.278b6a9
278b6a93d9aca90a04910d38d647870d1807b3b1,2026-07-05T08:59:20Z,emit_native_desugar_try,1.15,399860,9839,ok,sfn 0.8.0-alpha.1+dev.278b6a9
278b6a93d9aca90a04910d38d647870d1807b3b1,2026-07-05T08:59:20Z,emit_native_format,1.03,371104,7739,ok,sfn 0.8.0-alpha.1+dev.278b6a9
278b6a93d9aca90a04910d38d647870d1807b3b1,2026-07-05T08:59:20Z,emit_native_layout,0.97,327608,5188,ok,sfn 0.8.0-alpha.1+dev.278b6a9
278b6a93d9aca90a04910d38d647870d1807b3b1,2026-07-05T08:59:20Z,emit_native_state,0.47,166344,2139,ok,sfn 0.8.0-alpha.1+dev.278b6a9
278b6a93d9aca90a04910d38d647870d1807b3b1,2026-07-05T08:59:20Z,emitter_sailfin,1.10,389212,8542,ok,sfn 0.8.0-alpha.1+dev.278b6a9
278b6a93d9aca90a04910d38d647870d1807b3b1,2026-07-05T08:59:20Z,emitter_sailfin_expr,0.66,227328,4506,ok,sfn 0.8.0-alpha.1+dev.278b6a9
278b6a93d9aca90a04910d38d647870d1807b3b1,2026-07-05T08:59:20Z,emitter_sailfin_utils,0.31,118024,1440,ok,sfn 0.8.0-alpha.1+dev.278b6a9
278b6a93d9aca90a04910d38d647870d1807b3b1,2026-07-05T08:59:20Z,ice,0.26,87916,574,ok,sfn 0.8.0-alpha.1+dev.278b6a9
278b6a93d9aca90a04910d38d647870d1807b3b1,2026-07-05T08:59:20Z,lexer,0.55,214732,3407,ok,sfn 0.8.0-alpha.1+dev.278b6a9
278b6a93d9aca90a04910d38d647870d1807b3b1,2026-07-05T08:59:20Z,llvm__atomics,3.71,461524,3619,ok,sfn 0.8.0-alpha.1+dev.278b6a9
278b6a93d9aca90a04910d38d647870d1807b3b1,2026-07-05T08:59:20Z,llvm__atomics_check,0.20,76600,470,ok,sfn 0.8.0-alpha.1+dev.278b6a9
278b6a93d9aca90a04910d38d647870d1807b3b1,2026-07-05T08:59:20Z,llvm__byte_load,3.31,316864,1418,ok,sfn 0.8.0-alpha.1+dev.278b6a9
278b6a93d9aca90a04910d38d647870d1807b3b1,2026-07-05T08:59:20Z,llvm__closures,1.23,289328,4295,ok,sfn 0.8.0-alpha.1+dev.278b6a9
278b6a93d9aca90a04910d38d647870d1807b3b1,2026-07-05T08:59:20Z,llvm__effects,1.99,429020,8297,ok,sfn 0.8.0-alpha.1+dev.278b6a9
278b6a93d9aca90a04910d38d647870d1807b3b1,2026-07-05T08:59:20Z,llvm__expression_lowering__arrays,2.83,593600,5152,ok,sfn 0.8.0-alpha.1+dev.278b6a9
278b6a93d9aca90a04910d38d647870d1807b3b1,2026-07-05T08:59:20Z,llvm__expression_lowering__bindings,0.54,130280,1305,ok,sfn 0.8.0-alpha.1+dev.278b6a9
278b6a93d9aca90a04910d38d647870d1807b3b1,2026-07-05T08:59:20Z,llvm__expression_lowering__native__core,10.16,1482956,17478,ok,sfn 0.8.0-alpha.1+dev.278b6a9
278b6a93d9aca90a04910d38d647870d1807b3b1,2026-07-05T08:59:20Z,llvm__expression_lowering__native__core_addressing,0.96,170444,1044,ok,sfn 0.8.0-alpha.1+dev.278b6a9
278b6a93d9aca90a04910d38d647870d1807b3b1,2026-07-05T08:59:20Z,llvm__expression_lowering__native__core_bindings,0.49,108164,774,ok,sfn 0.8.0-alpha.1+dev.278b6a9
278b6a93d9aca90a04910d38d647870d1807b3b1,2026-07-05T08:59:20Z,llvm__expression_lowering__native__core_borrow_lowering,1.13,186904,1124,ok,sfn 0.8.0-alpha.1+dev.278b6a9
278b6a93d9aca90a04910d38d647870d1807b3b1,2026-07-05T08:59:20Z,llvm__expression_lowering__native__core_call_emission,5.37,889780,9693,ok,sfn 0.8.0-alpha.1+dev.278b6a9
278b6a93d9aca90a04910d38d647870d1807b3b1,2026-07-05T08:59:20Z,llvm__expression_lowering__native__core_call_lowering,8.07,737188,6721,ok,sfn 0.8.0-alpha.1+dev.278b6a9
278b6a93d9aca90a04910d38d647870d1807b3b1,2026-07-05T08:59:20Z,llvm__expression_lowering__native__core_call_resolution,7.61,962140,15767,ok,sfn 0.8.0-alpha.1+dev.278b6a9
278b6a93d9aca90a04910d38d647870d1807b3b1,2026-07-05T08:59:20Z,llvm__expression_lowering__native__core_calls,0.54,141180,2745,ok,sfn 0.8.0-alpha.1+dev.278b6a9
278b6a93d9aca90a04910d38d647870d1807b3b1,2026-07-05T08:59:20Z,llvm__expression_lowering__native__core_helpers,0.95,169972,1338,ok,sfn 0.8.0-alpha.1+dev.278b6a9
278b6a93d9aca90a04910d38d647870d1807b3b1,2026-07-05T08:59:20Z,llvm__expression_lowering__native__core_index_lowering,5.12,477748,4068,ok,sfn 0.8.0-alpha.1+dev.278b6a9
278b6a93d9aca90a04910d38d647870d1807b3b1,2026-07-05T08:59:20Z,llvm__expression_lowering__native__core_literals_lowering,8.78,1368836,15394,ok,sfn 0.8.0-alpha.1+dev.278b6a9
278b6a93d9aca90a04910d38d647870d1807b3b1,2026-07-05T08:59:20Z,llvm__expression_lowering__native__core_match_helpers,0.47,99996,723,ok,sfn 0.8.0-alpha.1+dev.278b6a9
278b6a93d9aca90a04910d38d647870d1807b3b1,2026-07-05T08:59:20Z,llvm__expression_lowering__native__core_member_helpers,0.85,169904,1289,ok,sfn 0.8.0-alpha.1+dev.278b6a9
278b6a93d9aca90a04910d38d647870d1807b3b1,2026-07-05T08:59:20Z,llvm__expression_lowering__native__core_member_lowering,5.17,806224,10044,ok,sfn 0.8.0-alpha.1+dev.278b6a9
278b6a93d9aca90a04910d38d647870d1807b3b1,2026-07-05T08:59:20Z,llvm__expression_lowering__native__core_operands,4.91,1231828,18934,ok,sfn 0.8.0-alpha.1+dev.278b6a9
278b6a93d9aca90a04910d38d647870d1807b3b1,2026-07-05T08:59:20Z,llvm__expression_lowering__native__core_operators,1.26,286240,6279,ok,sfn 0.8.0-alpha.1+dev.278b6a9
278b6a93d9aca90a04910d38d647870d1807b3b1,2026-07-05T08:59:20Z,llvm__expression_lowering__native__core_ops_lowering,6.66,933076,10225,ok,sfn 0.8.0-alpha.1+dev.278b6a9
278b6a93d9aca90a04910d38d647870d1807b3b1,2026-07-05T08:59:20Z,llvm__expression_lowering__native__core_ownership,1.60,265176,2102,ok,sfn 0.8.0-alpha.1+dev.278b6a9
278b6a93d9aca90a04910d38d647870d1807b3b1,2026-07-05T08:59:20Z,llvm__expression_lowering__native__core_parse,1.80,454536,11991,ok,sfn 0.8.0-alpha.1+dev.278b6a9
278b6a93d9aca90a04910d38d647870d1807b3b1,2026-07-05T08:59:20Z,llvm__expression_lowering__native__core_parsing,1.81,385596,7630,ok,sfn 0.8.0-alpha.1+dev.278b6a9
278b6a93d9aca90a04910d38d647870d1807b3b1,2026-07-05T08:59:20Z,llvm__expression_lowering__native__core_scopes,1.74,310008,3157,ok,sfn 0.8.0-alpha.1+dev.278b6a9
278b6a93d9aca90a04910d38d647870d1807b3b1,2026-07-05T08:59:20Z,llvm__expression_lowering__native__core_strings,2.73,322976,2703,ok,sfn 0.8.0-alpha.1+dev.278b6a9
278b6a93d9aca90a04910d38d647870d1807b3b1,2026-07-05T08:59:20Z,llvm__expression_lowering__native__core_text,1.10,305292,5352,ok,sfn 0.8.0-alpha.1+dev.278b6a9
278b6a93d9aca90a04910d38d647870d1807b3b1,2026-07-05T08:59:20Z,llvm__expression_lowering__native__core_type_mapping,1.57,367116,6102,ok,sfn 0.8.0-alpha.1+dev.278b6a9
278b6a93d9aca90a04910d38d647870d1807b3b1,2026-07-05T08:59:20Z,llvm__expression_lowering__native__lambda_lowering,2.81,549352,9821,ok,sfn 0.8.0-alpha.1+dev.278b6a9
278b6a93d9aca90a04910d38d647870d1807b3b1,2026-07-05T08:59:20Z,llvm__expression_lowering__native__lambda_param_inference,0.96,293936,6575,ok,sfn 0.8.0-alpha.1+dev.278b6a9
278b6a93d9aca90a04910d38d647870d1807b3b1,2026-07-05T08:59:20Z,llvm__expression_lowering__native__mod,5.71,434224,1485,ok,sfn 0.8.0-alpha.1+dev.278b6a9
278b6a93d9aca90a04910d38d647870d1807b3b1,2026-07-05T08:59:20Z,llvm__expression_lowering__native__runtime_call,2.90,274464,2158,ok,sfn 0.8.0-alpha.1+dev.278b6a9
278b6a93d9aca90a04910d38d647870d1807b3b1,2026-07-05T08:59:20Z,llvm__expression_lowering__native__statement,6.64,765304,7026,ok,sfn 0.8.0-alpha.1+dev.278b6a9
278b6a93d9aca90a04910d38d647870d1807b3b1,2026-07-05T08:59:20Z,llvm__expression_lowering__native__statement_assignment,6.26,715316,6242,ok,sfn 0.8.0-alpha.1+dev.278b6a9
278b6a93d9aca90a04910d38d647870d1807b3b1,2026-07-05T08:59:20Z,llvm__expression_lowering__native__statement_parsing,0.83,202860,3062,ok,sfn 0.8.0-alpha.1+dev.278b6a9
278b6a93d9aca90a04910d38d647870d1807b3b1,2026-07-05T08:59:20Z,llvm__expression_lowering__native__statement_suspension,3.49,372364,3076,ok,sfn 0.8.0-alpha.1+dev.278b6a9
278b6a93d9aca90a04910d38d647870d1807b3b1,2026-07-05T08:59:20Z,llvm__expression_lowering__native__statement_type_mapping,1.39,306852,4337,ok,sfn 0.8.0-alpha.1+dev.278b6a9
278b6a93d9aca90a04910d38d647870d1807b3b1,2026-07-05T08:59:20Z,llvm__expression_lowering__native__temp_recovery,0.45,108232,952,ok,sfn 0.8.0-alpha.1+dev.278b6a9
278b6a93d9aca90a04910d38d647870d1807b3b1,2026-07-05T08:59:20Z,llvm__expression_lowering__splitting,0.50,126264,1867,ok,sfn 0.8.0-alpha.1+dev.278b6a9
278b6a93d9aca90a04910d38d647870d1807b3b1,2026-07-05T08:59:20Z,llvm__expressions,0.54,120584,983,ok,sfn 0.8.0-alpha.1+dev.278b6a9
278b6a93d9aca90a04910d38d647870d1807b3b1,2026-07-05T08:59:20Z,llvm__expressions_bindings,0.52,124540,1225,ok,sfn 0.8.0-alpha.1+dev.278b6a9
278b6a93d9aca90a04910d38d647870d1807b3b1,2026-07-05T08:59:20Z,llvm__expressions_helpers,0.75,171464,2107,ok,sfn 0.8.0-alpha.1+dev.278b6a9
278b6a93d9aca90a04910d38d647870d1807b3b1,2026-07-05T08:59:20Z,llvm__expressions_literals,0.57,163424,2475,ok,sfn 0.8.0-alpha.1+dev.278b6a9
278b6a93d9aca90a04910d38d647870d1807b3b1,2026-07-05T08:59:20Z,llvm__expressions_operators,0.81,182160,3325,ok,sfn 0.8.0-alpha.1+dev.278b6a9
278b6a93d9aca90a04910d38d647870d1807b3b1,2026-07-05T08:59:20Z,llvm__expressions_parsing,1.08,276720,6084,ok,sfn 0.8.0-alpha.1+dev.278b6a9
278b6a93d9aca90a04910d38d647870d1807b3b1,2026-07-05T08:59:20Z,llvm__imports,1.43,355516,5286,ok,sfn 0.8.0-alpha.1+dev.278b6a9
278b6a93d9aca90a04910d38d647870d1807b3b1,2026-07-05T08:59:20Z,llvm__lifetime,1.75,428684,5783,ok,sfn 0.8.0-alpha.1+dev.278b6a9
278b6a93d9aca90a04910d38d647870d1807b3b1,2026-07-05T08:59:20Z,llvm__lowering__abi_hash,0.28,112808,1400,ok,sfn 0.8.0-alpha.1+dev.278b6a9
278b6a93d9aca90a04910d38d647870d1807b3b1,2026-07-05T08:59:20Z,llvm__lowering__emission,3.93,643160,7141,ok,sfn 0.8.0-alpha.1+dev.278b6a9
278b6a93d9aca90a04910d38d647870d1807b3b1,2026-07-05T08:59:20Z,llvm__lowering__emission_async,3.38,507680,3467,ok,sfn 0.8.0-alpha.1+dev.278b6a9
278b6a93d9aca90a04910d38d647870d1807b3b1,2026-07-05T08:59:20Z,llvm__lowering__emission_header,0.43,101928,837,ok,sfn 0.8.0-alpha.1+dev.278b6a9
278b6a93d9aca90a04910d38d647870d1807b3b1,2026-07-05T08:59:20Z,llvm__lowering__entrypoints,5.37,695376,3957,ok,sfn 0.8.0-alpha.1+dev.278b6a9
278b6a93d9aca90a04910d38d647870d1807b3b1,2026-07-05T08:59:20Z,llvm__lowering__entrypoints_tests,4.84,569588,2019,ok,sfn 0.8.0-alpha.1+dev.278b6a9
278b6a93d9aca90a04910d38d647870d1807b3b1,2026-07-05T08:59:20Z,llvm__lowering__entrypoints_tests_writer,4.76,557124,2001,ok,sfn 0.8.0-alpha.1+dev.278b6a9
278b6a93d9aca90a04910d38d647870d1807b3b1,2026-07-05T08:59:20Z,llvm__lowering__instructions,4.76,749900,7853,ok,sfn 0.8.0-alpha.1+dev.278b6a9
278b6a93d9aca90a04910d38d647870d1807b3b1,2026-07-05T08:59:20Z,llvm__lowering__instructions_condition,3.46,354312,2109,ok,sfn 0.8.0-alpha.1+dev.278b6a9
278b6a93d9aca90a04910d38d647870d1807b3b1,2026-07-05T08:59:20Z,llvm__lowering__instructions_for,7.17,755340,4287,ok,sfn 0.8.0-alpha.1+dev.278b6a9
278b6a93d9aca90a04910d38d647870d1807b3b1,2026-07-05T08:59:20Z,llvm__lowering__instructions_for_range,7.15,825024,5752,ok,sfn 0.8.0-alpha.1+dev.278b6a9
278b6a93d9aca90a04910d38d647870d1807b3b1,2026-07-05T08:59:20Z,llvm__lowering__instructions_helpers,1.62,343684,5033,ok,sfn 0.8.0-alpha.1+dev.278b6a9
278b6a93d9aca90a04910d38d647870d1807b3b1,2026-07-05T08:59:20Z,llvm__lowering__instructions_if,5.32,742440,10132,ok,sfn 0.8.0-alpha.1+dev.278b6a9
278b6a93d9aca90a04910d38d647870d1807b3b1,2026-07-05T08:59:20Z,llvm__lowering__instructions_let,6.53,769360,7738,ok,sfn 0.8.0-alpha.1+dev.278b6a9
278b6a93d9aca90a04910d38d647870d1807b3b1,2026-07-05T08:59:20Z,llvm__lowering__instructions_loops,5.08,643708,6626,ok,sfn 0.8.0-alpha.1+dev.278b6a9
278b6a93d9aca90a04910d38d647870d1807b3b1,2026-07-05T08:59:20Z,llvm__lowering__instructions_match,7.62,901732,9206,ok,sfn 0.8.0-alpha.1+dev.278b6a9
278b6a93d9aca90a04910d38d647870d1807b3b1,2026-07-05T08:59:20Z,llvm__lowering__instructions_match_condition,5.76,576116,5326,ok,sfn 0.8.0-alpha.1+dev.278b6a9
278b6a93d9aca90a04910d38d647870d1807b3b1,2026-07-05T08:59:20Z,llvm__lowering__instructions_routine,2.77,390084,2275,ok,sfn 0.8.0-alpha.1+dev.278b6a9
278b6a93d9aca90a04910d38d647870d1807b3b1,2026-07-05T08:59:20Z,llvm__lowering__instructions_try,6.23,684288,5509,ok,sfn 0.8.0-alpha.1+dev.278b6a9
278b6a93d9aca90a04910d38d647870d1807b3b1,2026-07-05T08:59:20Z,llvm__lowering__lowering_core,7.27,1168512,12752,ok,sfn 0.8.0-alpha.1+dev.278b6a9
278b6a93d9aca90a04910d38d647870d1807b3b1,2026-07-05T08:59:20Z,llvm__lowering__lowering_helpers,3.78,711088,10851,ok,sfn 0.8.0-alpha.1+dev.278b6a9
278b6a93d9aca90a04910d38d647870d1807b3b1,2026-07-05T08:59:20Z,llvm__lowering__lowering_helpers_mangling,2.49,470544,6865,ok,sfn 0.8.0-alpha.1+dev.278b6a9
278b6a93d9aca90a04910d38d647870d1807b3b1,2026-07-05T08:59:20Z,llvm__lowering__lowering_io,0.73,166748,1875,ok,sfn 0.8.0-alpha.1+dev.278b6a9
278b6a93d9aca90a04910d38d647870d1807b3b1,2026-07-05T08:59:20Z,llvm__lowering__lowering_native_helpers,0.42,161012,2184,ok,sfn 0.8.0-alpha.1+dev.278b6a9
278b6a93d9aca90a04910d38d647870d1807b3b1,2026-07-05T08:59:20Z,llvm__lowering__lowering_phase_functions,2.56,400528,3136,ok,sfn 0.8.0-alpha.1+dev.278b6a9
278b6a93d9aca90a04910d38d647870d1807b3b1,2026-07-05T08:59:20Z,llvm__lowering__lowering_phase_imports,2.17,324848,2474,ok,sfn 0.8.0-alpha.1+dev.278b6a9
278b6a93d9aca90a04910d38d647870d1807b3b1,2026-07-05T08:59:20Z,llvm__lowering__lowering_phase_render,1.67,266132,2259,ok,sfn 0.8.0-alpha.1+dev.278b6a9
278b6a93d9aca90a04910d38d647870d1807b3b1,2026-07-05T08:59:20Z,llvm__lowering__lowering_phase_sanitize,2.79,413276,3435,ok,sfn 0.8.0-alpha.1+dev.278b6a9
278b6a93d9aca90a04910d38d647870d1807b3b1,2026-07-05T08:59:20Z,llvm__lowering__lowering_phase_types,0.95,188136,1565,ok,sfn 0.8.0-alpha.1+dev.278b6a9
278b6a93d9aca90a04910d38d647870d1807b3b1,2026-07-05T08:59:20Z,llvm__lowering__lowering_recovery,3.31,678864,15296,ok,sfn 0.8.0-alpha.1+dev.278b6a9
278b6a93d9aca90a04910d38d647870d1807b3b1,2026-07-05T08:59:20Z,llvm__lowering__lowering_text_utils,0.75,177936,2007,ok,sfn 0.8.0-alpha.1+dev.278b6a9
278b6a93d9aca90a04910d38d647870d1807b3b1,2026-07-05T08:59:20Z,llvm__lowering__module_globals,1.62,322300,4341,ok,sfn 0.8.0-alpha.1+dev.278b6a9
278b6a93d9aca90a04910d38d647870d1807b3b1,2026-07-05T08:59:20Z,llvm__lowering__phi,1.01,272704,3966,ok,sfn 0.8.0-alpha.1+dev.278b6a9
278b6a93d9aca90a04910d38d647870d1807b3b1,2026-07-05T08:59:20Z,llvm__lowering__type_descriptors,0.83,202708,2470,ok,sfn 0.8.0-alpha.1+dev.278b6a9
278b6a93d9aca90a04910d38d647870d1807b3b1,2026-07-05T08:59:20Z,llvm__lowering_debug_state,0.30,108048,1515,ok,sfn 0.8.0-alpha.1+dev.278b6a9
278b6a93d9aca90a04910d38d647870d1807b3b1,2026-07-05T08:59:20Z,llvm__mod,2.94,337188,1896,ok,sfn 0.8.0-alpha.1+dev.278b6a9
278b6a93d9aca90a04910d38d647870d1807b3b1,2026-07-05T08:59:20Z,llvm__monomorphize,2.00,556364,12062,ok,sfn 0.8.0-alpha.1+dev.278b6a9
278b6a93d9aca90a04910d38d647870d1807b3b1,2026-07-05T08:59:20Z,llvm__rendering,2.12,377644,5383,ok,sfn 0.8.0-alpha.1+dev.278b6a9
278b6a93d9aca90a04910d38d647870d1807b3b1,2026-07-05T08:59:20Z,llvm__rendering_helpers,1.37,302848,4240,ok,sfn 0.8.0-alpha.1+dev.278b6a9
278b6a93d9aca90a04910d38d647870d1807b3b1,2026-07-05T08:59:20Z,llvm__runtime_helpers,3.92,1037532,19900,ok,sfn 0.8.0-alpha.1+dev.278b6a9
278b6a93d9aca90a04910d38d647870d1807b3b1,2026-07-05T08:59:20Z,llvm__strings,0.72,158756,1822,ok,sfn 0.8.0-alpha.1+dev.278b6a9
278b6a93d9aca90a04910d38d647870d1807b3b1,2026-07-05T08:59:20Z,llvm__type_context,1.53,342644,4548,ok,sfn 0.8.0-alpha.1+dev.278b6a9
278b6a93d9aca90a04910d38d647870d1807b3b1,2026-07-05T08:59:20Z,llvm__type_context_queries,1.29,272608,3171,ok,sfn 0.8.0-alpha.1+dev.278b6a9
278b6a93d9aca90a04910d38d647870d1807b3b1,2026-07-05T08:59:20Z,llvm__type_mapping,1.51,441720,9197,ok,sfn 0.8.0-alpha.1+dev.278b6a9
278b6a93d9aca90a04910d38d647870d1807b3b1,2026-07-05T08:59:20Z,llvm__types,0.56,129292,709,ok,sfn 0.8.0-alpha.1+dev.278b6a9
278b6a93d9aca90a04910d38d647870d1807b3b1,2026-07-05T08:59:20Z,llvm__utils,0.86,252488,4591,ok,sfn 0.8.0-alpha.1+dev.278b6a9
278b6a93d9aca90a04910d38d647870d1807b3b1,2026-07-05T08:59:20Z,lock,0.32,128316,1570,ok,sfn 0.8.0-alpha.1+dev.278b6a9
278b6a93d9aca90a04910d38d647870d1807b3b1,2026-07-05T08:59:20Z,main,7.37,926624,5932,ok,sfn 0.8.0-alpha.1+dev.278b6a9
278b6a93d9aca90a04910d38d647870d1807b3b1,2026-07-05T08:59:20Z,native_ir,0.26,85180,353,ok,sfn 0.8.0-alpha.1+dev.278b6a9
278b6a93d9aca90a04910d38d647870d1807b3b1,2026-07-05T08:59:20Z,native_ir_api,1.38,278196,3243,ok,sfn 0.8.0-alpha.1+dev.278b6a9
278b6a93d9aca90a04910d38d647870d1807b3b1,2026-07-05T08:59:20Z,native_ir_parser,1.45,309576,4463,ok,sfn 0.8.0-alpha.1+dev.278b6a9
278b6a93d9aca90a04910d38d647870d1807b3b1,2026-07-05T08:59:20Z,native_ir_parser_defs,1.50,380820,6200,ok,sfn 0.8.0-alpha.1+dev.278b6a9
278b6a93d9aca90a04910d38d647870d1807b3b1,2026-07-05T08:59:20Z,native_ir_parser_instructions,0.93,239440,3271,ok,sfn 0.8.0-alpha.1+dev.278b6a9
278b6a93d9aca90a04910d38d647870d1807b3b1,2026-07-05T08:59:20Z,native_ir_utils_layout,0.98,350268,7531,ok,sfn 0.8.0-alpha.1+dev.278b6a9
278b6a93d9aca90a04910d38d647870d1807b3b1,2026-07-05T08:59:20Z,native_ir_utils_parse,1.19,429120,7818,ok,sfn 0.8.0-alpha.1+dev.278b6a9
278b6a93d9aca90a04910d38d647870d1807b3b1,2026-07-05T08:59:20Z,native_ir_utils_text,0.45,173780,3181,ok,sfn 0.8.0-alpha.1+dev.278b6a9
278b6a93d9aca90a04910d38d647870d1807b3b1,2026-07-05T08:59:20Z,num_format,0.19,70940,352,ok,sfn 0.8.0-alpha.1+dev.278b6a9
278b6a93d9aca90a04910d38d647870d1807b3b1,2026-07-05T08:59:20Z,ownership_checker,3.36,602120,12126,ok,sfn 0.8.0-alpha.1+dev.278b6a9
278b6a93d9aca90a04910d38d647870d1807b3b1,2026-07-05T08:59:20Z,parser__declarations,4.20,868680,14302,ok,sfn 0.8.0-alpha.1+dev.278b6a9
278b6a93d9aca90a04910d38d647870d1807b3b1,2026-07-05T08:59:20Z,parser__expressions,4.81,868772,15141,ok,sfn 0.8.0-alpha.1+dev.278b6a9
278b6a93d9aca90a04910d38d647870d1807b3b1,2026-07-05T08:59:20Z,parser__mod,3.49,381216,3830,ok,sfn 0.8.0-alpha.1+dev.278b6a9
278b6a93d9aca90a04910d38d647870d1807b3b1,2026-07-05T08:59:20Z,parser__statements,3.88,630664,8824,ok,sfn 0.8.0-alpha.1+dev.278b6a9
278b6a93d9aca90a04910d38d647870d1807b3b1,2026-07-05T08:59:20Z,parser__token_utils,1.11,366896,10286,ok,sfn 0.8.0-alpha.1+dev.278b6a9
278b6a93d9aca90a04910d38d647870d1807b3b1,2026-07-05T08:59:20Z,parser__types,0.32,97392,452,ok,sfn 0.8.0-alpha.1+dev.278b6a9
278b6a93d9aca90a04910d38d647870d1807b3b1,2026-07-05T08:59:20Z,parser__utils,0.29,111872,1256,ok,sfn 0.8.0-alpha.1+dev.278b6a9
278b6a93d9aca90a04910d38d647870d1807b3b1,2026-07-05T08:59:20Z,prelude_globals,0.61,129476,924,ok,sfn 0.8.0-alpha.1+dev.278b6a9
278b6a93d9aca90a04910d38d647870d1807b3b1,2026-07-05T08:59:20Z,prelude_scan,0.74,138432,1214,ok,sfn 0.8.0-alpha.1+dev.278b6a9
278b6a93d9aca90a04910d38d647870d1807b3b1,2026-07-05T08:59:20Z,reexport_check,0.44,144904,2154,ok,sfn 0.8.0-alpha.1+dev.278b6a9
278b6a93d9aca90a04910d38d647870d1807b3b1,2026-07-05T08:59:20Z,runtime_capsule_resolver,0.51,161304,1953,ok,sfn 0.8.0-alpha.1+dev.278b6a9
278b6a93d9aca90a04910d38d647870d1807b3b1,2026-07-05T08:59:20Z,string_cmd_utils,0.26,95584,756,ok,sfn 0.8.0-alpha.1+dev.278b6a9
278b6a93d9aca90a04910d38d647870d1807b3b1,2026-07-05T08:59:20Z,string_utils,0.28,112008,1399,ok,sfn 0.8.0-alpha.1+dev.278b6a9
278b6a93d9aca90a04910d38d647870d1807b3b1,2026-07-05T08:59:20Z,test_runner_json,0.49,175960,2124,ok,sfn 0.8.0-alpha.1+dev.278b6a9
278b6a93d9aca90a04910d38d647870d1807b3b1,2026-07-05T08:59:20Z,test_runner_state,0.36,116168,1356,ok,sfn 0.8.0-alpha.1+dev.278b6a9
278b6a93d9aca90a04910d38d647870d1807b3b1,2026-07-05T08:59:20Z,token,0.18,66768,237,ok,sfn 0.8.0-alpha.1+dev.278b6a9
278b6a93d9aca90a04910d38d647870d1807b3b1,2026-07-05T08:59:20Z,toml_parser,0.69,277288,5137,ok,sfn 0.8.0-alpha.1+dev.278b6a9
278b6a93d9aca90a04910d38d647870d1807b3b1,2026-07-05T08:59:20Z,tools__check,5.27,442752,3194,ok,sfn 0.8.0-alpha.1+dev.278b6a9
278b6a93d9aca90a04910d38d647870d1807b3b1,2026-07-05T08:59:20Z,tools__fmt,1.74,569884,13032,ok,sfn 0.8.0-alpha.1+dev.278b6a9
278b6a93d9aca90a04910d38d647870d1807b3b1,2026-07-05T08:59:20Z,tools__fmt_rules,0.32,128268,1339,ok,sfn 0.8.0-alpha.1+dev.278b6a9
278b6a93d9aca90a04910d38d647870d1807b3b1,2026-07-05T08:59:20Z,typecheck,3.84,820552,19327,ok,sfn 0.8.0-alpha.1+dev.278b6a9
278b6a93d9aca90a04910d38d647870d1807b3b1,2026-07-05T08:59:20Z,typecheck_captures,1.12,399776,9687,ok,sfn 0.8.0-alpha.1+dev.278b6a9
278b6a93d9aca90a04910d38d647870d1807b3b1,2026-07-05T08:59:20Z,typecheck_import_loader,0.63,150620,1084,ok,sfn 0.8.0-alpha.1+dev.278b6a9
278b6a93d9aca90a04910d38d647870d1807b3b1,2026-07-05T08:59:20Z,typecheck_imports,0.40,124456,1031,ok,sfn 0.8.0-alpha.1+dev.278b6a9
278b6a93d9aca90a04910d38d647870d1807b3b1,2026-07-05T08:59:20Z,typecheck_types,2.74,831212,17570,ok,sfn 0.8.0-alpha.1+dev.278b6a9
278b6a93d9aca90a04910d38d647870d1807b3b1,2026-07-05T08:59:20Z,version,0.41,120268,1125,ok,sfn 0.8.0-alpha.1+dev.278b6a9
